必修一,
Unit 1,
potential ,n.潜力；可能性adj.潜在的，可能的
senior ,adj.中学的(招收11或13岁以上学生)；级别高的；高级水平的；老年的n.级别(或地位)较高者；较…年长的人；高水平运动员
path ,n.道路；小路；成功的途径
challenge ,n.&vt.挑战；质疑
thinking ,n.思维，思想；想法
positive ,adj.积极乐观的；良好的，正面的
opportunity ,n.机会，时机
lie in ,存在于，在于
rise to ,能够处理
acquire ,vt.获得，得到
effort ,n.努力，费力的事；试图
advance ,n.进步，进展；前进，行进vt.&vi.发展，进步
amazing ,adj.令人大为惊奇的，令人惊喜的
confidence ,n.信心，信任；把握
make a difference ,起作用，有影响
make the most of ,充分利用，尽情享受
resource ,n.资源；资料；谋略
take advantage of ,利用
facility ,n.设施，设备；场所
equal ,adj.相等的；平等的；相当的n.同等的人(物)linkingv.与…相等vt.比得上
attitude ,n.态度，看法
goal ,n.目标；进球得分
balance ,vt.同等重视；(使)保持平衡；权衡重要性n.均衡，平衡；平衡能力
improve ,vt.&vi.改进，改善
last but not least ,最后但同样重要的
well-rounded ,adj.全面发展的；面面俱到的
individual ,n.个人adj.单独的，个别的
character ,n.品质，性格；特点；人物，角色；文字
responsible ,adj.有责任，负责；可靠的
ahead ,adv.(时间、空间)向前；提前
junior ,adj.(学校)为11或13岁以下儿童设立的；地位(或级别)低的；青少年的n.职位较低者；青少年运动员
forward ,adv.向将来；向前；进展，前进
look forward to ,盼望，期待
independent ,adj.自主的，有主见的；自立的
focus ,n.焦点，重点vt.&vi.集中
detail ,n.细节；具体情况
as a result of ,由于
tip ,n.指点，实用的提示；尖端；小费
base ,vt.以…为基础(依据)n.根据；基础；基底；总部，大本营
remind ,vt.提醒，使想起
stick to ,坚持；固守，维持
proposal ,n.提议，建议，动议
aim ,n.目的，目标vi.&vt.力争做到；目的是；针对
style ,n.风格；方式；样式
technique ,n.技巧，技艺；技能
workshop ,n.研讨会，讲习班；车间，作坊
professional ,adj.职业的，专业的；有职业的；娴熟的，精通业务的n.专门人员，专业人士
material ,n.材料；素材adj.物质的，实际的；客观存在的
poster ,n.海报；(在网络留言板上)发布消息的人
secondary ,adj.中学的；次要的
exchange ,n.&vt.交换；交流；兑换
host ,n.主人；东道主；主持人vt.主办；主持
a.m.,上午，午前
p.m.,下午，午后
biology ,n.生物学
tough ,adj.艰难的；严厉的；坚强的；坚固的
alarm ,n.闹钟；恐慌；警报；警报器vt.使惊恐，使害怕
contribution ,n.贡献；捐款；捐赠
fortunately ,adv.幸运地，幸亏
over time ,随着时间流逝，久而久之
option ,n.可选择的事物，选择；选修课
butter ,n.黄油
pudding ,n.甜点；布丁
attract ,vt.吸引，使喜爱；招引；引起(反应)
rugby ,n.橄榄球运动
calligraphy ,n.书法，书法艺术
Unit 2,
nest ,n.鸟窝；巢穴，窝
roof ,n.屋顶，顶部
battle ,n.&vt.&vi.争论；战斗，搏斗；斗争
see eye to eye with sb(on sth),(在某事上)与某人看法一致
argument ,n.争吵，争论；论点
teenager ,n.青少年
tension ,n.紧张关系；紧张；拉伸
anxious ,adj.忧虑的，担心的；令人焦虑的；渴望的
rate ,n.速度；率vi.&vt.评价，评估
shoot ,"vi.&vt.(shot,shot)(使朝某方向)冲，奔；射击；射杀；摄影"
shoot up ,快速长高，蹿个儿
spot ,n.粉刺；斑点；污渍；地点，场所
target ,n.(攻击的)目标，对象；靶子vt.把…作为攻击目标；面向
anger ,n.怒气，怒火
mental ,adj.思想的，精神的，智力的
adult ,n.成年人
desire ,n.&vt.渴望，希望
struggle ,vi.&n.奋斗；斗争；搏斗
*rough ,adj.艰难的；粗糙的；不确切的
breakdown ,n.(关系)破裂；故障
regular ,adj.频繁的；有规律的
calm ,vt.使平静，使镇静adj.镇静的，沉着的
calm down ,平静，镇静，安静
view ,n.看法；视线；景色vt.把…视为；观看
from one’s point of view,从某人的角度、观点出发
think sth through ,充分考虑，全盘考虑，想透
concern ,n.担心，忧虑；关心vt.涉及；让(某人)担忧
back down ,承认错误，认输
normal ,adj.正常的，一般的n.常态，通常标准
stress ,n.精神压力，紧张；强调vt.强调，着重
editor ,n.主编，编辑；剪辑师
argue ,vi.争吵，争辩，争论vt.说理，论证
skin ,n.皮肤；(兽)皮，毛皮
design ,vt.设计；制订n.设计；设计艺术
*forum ,n.论坛，讨论会；公共集会场所
expert ,n.专家，行家adj.熟练的，内行的，专家的
likely ,adj.可能的，预料的，有希望的
unique ,adj.独一无二的；独特的；独具的，特有的
passive ,adj.消极的，被动的
performance ,n.表现；表演；执行，履行
cheer up,(使)变得高兴，振奋起来
press ,vt.&vi.催促，逼迫；按，压；挤，推n.报章杂志，报刊；(thepress)新闻工作者，新闻界
eager ,adj.热切的，渴望的，渴求的
youth ,n.青年时期；青春；(theyouth)年轻人
adventure ,n.冒险，冒险经历，奇遇
be on ,sb’sbackaboutsth缠磨，烦扰
kangaroo ,n.袋鼠
flexible ,adj.灵活的，可变动的；柔韧的
account ,n.账户；描述；解释vt.认为是，视为
rent ,n.租金vi.&vt.租用；出租
grocery ,n.食品杂货；食品杂货店
secure ,adj.安心的；可靠的；牢固的
graduate ,n.毕业生
gather ,vi.聚集，集合vt.收拢；搜集，收集；聚集
emergency ,n.突发事件，紧急情况
volunteer ,vt.&vi.主动建议(或告诉)；自愿做，义务做n.志愿者
pipe ,n.烟斗；管子；管乐器
figure ,n.数字；人物；体形，身材
downtown ,adv.在市中心，往市中心
draw sth out of sth ,提取，支取
operation ,n.手术；运转，操作
lap ,n.大腿部
teller ,n.出纳员；叙述者
scene ,n.(戏剧等)场；场面，片段；地点，现场；景象，风光
flat ,n.公寓adj.平坦的；瘪了的
response ,n.回复；反应，响应
Unit 3,
on the rocks,(关系)陷于困境，濒临崩溃
awkward ,adj.局促不安的；令人尴尬的；难对付的；笨拙的
sight ,n.视野；视力；看见
out of ,one’ssight脱离某人的视线
original ,adj.起初的；独创的；原作的
medium ,n.(pl.media)传播信息的媒介，方法；手段，工具adj.中等的，中号的
social media ,社交媒体
make it ,能够出席；准时到达；获得成功
horrible ,adj.令人震惊的；可恶的，极坏的
chat ,vi.&n.聊天，闲聊
café,n.咖啡馆，小餐馆
recover ,vi.恢复健康；恢复常态vt.全额收回；寻回；重新获得；恢复，重新控制
respond ,vi.&vt.回答，回应；作出反应，响应
loss ,n.失去，丧失；亏损；去世；损失
at a loss ,不知所措，困惑
judge ,vt.&vi.评价，(尤指)批评；判断，认为n.法官；裁判员
in the wrong ,有错，应承担责任
apologize ,vi.道歉，谢罪
behaviour ,(AmEbehavior)n.行为，举止，态度
case ,n.具体情况，事例；案件；容器
in any case ,无论如何，不管怎样
frank ,adj.坦率的，直率的
definitely ,adv.肯定，确实；确切地
trick ,vt.欺骗，欺诈n.诡计，花招；戏法
let go of ,放弃，摒弃；松手，放开
ignore ,vt.忽视，对…不予理会
suffer ,vi.受苦，受折磨；变差vt.遭受，蒙受
misunderstand ,"vt.&vi.(misunderstood,misunderstood)误解，误会"
contact ,vt.&n.联系，联络
explode ,vi.(愤怒等感情)爆发，迸发；爆炸vt.使爆炸
generous ,adj.宽宏大量的，仁慈的；慷慨的
count on ,依赖，依靠，指望
eat away at ,腐蚀，侵蚀，逐渐破坏
shallow ,adj.肤浅的，浅薄的；浅的
blog ,n.博客，网志
come between ... and ...,损害…之间的关系，离间；妨碍
in person ,亲自，亲身
theme ,n.主题；主旋律
*slave ,n.奴隶
*raft ,n.木排，筏
high point ,最有意思(或最令人愉快、最好)的部分
through thick and thin ,不顾艰难险阻，同甘共苦
opinion ,n.意见，看法；(群体的)观点，信仰
in one’s opinion,在某人看来
quality ,n.品德，素质；质量；特征adj.优质的，高质量的
basis ,n.(pl.bases)基础；原因；基准
respect ,vt.尊重，尊敬n.尊敬，敬意；重视
get over ,克服；恢复常态
efficient ,adj.效率高的，有功效的
extra ,adj.额外的，分外的，附加的adv.额外，另外；特别，格外
bring out ,使显现，使表现出
measure ,vt.估量，判定；测量n.措施；衡量
reflection ,n.沉思；反射；映像；反映
seek ,"(sought,sought)vi.试图；寻找；争取vt.寻求；寻找"
escape ,vi.&vt.逃脱，躲避；逃跑；避开，避免；被遗忘n.逃离，逃脱
smooth out ,消除(问题)，克服(困难)
be meant to do sth ,注定要做某事，应做某事
benefit ,n.优势，益处，成效vt.使受益vi.得益于
comfort ,vt.宽慰，抚慰n.舒服；安慰
joy ,n.高兴，愉快；令人高兴的人(或事)，乐趣
failure ,n.失败；失败的人(或事)；未履行；故障
take on ,呈现，具有
in full measure ,最大程度地，最大限度地
moment ,n.时光，时机；瞬间；某个时刻
indeed ,adv.其实，实际上；的确；真正地
well-meaning ,adj.出于好心的，善意的
recognize ,vt.承认，意识到；认出，辨别出
thorough ,adj.彻底的，全面的；仔细的
death ,n.死，死亡；死亡状态
company ,n.陪伴，作伴；公司
crowd ,n.一伙人，一帮人；人群vt.挤满，使拥挤vi.聚集；挤，涌
poet ,n.诗人
admire ,vt.钦佩；欣赏
wine ,n.葡萄酒；果酒
Unit 4,
skip ,vt.不做(应做的事情等)；跳过vi.蹦蹦跳跳地走；略过
yogurt ,n.酸奶
*faint ,vi.昏厥adj.昏眩的；微弱的；可能性不大的
pass out ,昏迷，失去知觉
immediately ,adv.立即，马上conj.一…就
concentrate ,vi.&vt.集中(注意力、思想等)；全神贯注
sex ,n.性别
extreme ,adj.极端的；严重的n.极端不同的感情(或境况、行为方式等)
slim ,vi.变苗条，减肥adj.苗条的；微薄的，小的
slim down ,变苗条，减肥
per cent ,n.百分之…
concerned ,adj.担心的，忧虑的；关注的，关切的
effect ,n.效果，作用；影响
side effect ,副作用
prove ,linkingv.后来被发现是vt.证明，证实
slightly ,adv.稍微，略微
diet ,n.日常饮食；节食vi.节食，进行规定饮食
nutrition ,n.营养
function ,vi.起作用，正常工作，运转n.作用，功能，职能
take in ,摄入，吸收
energetic ,adj.精力充沛的，充满活力的
effective ,adj.有效的；生效的
get into shape ,强身健体
frightened ,adj.害怕的，惊吓的，受惊的
within ,prep.在(某段时间)之内；在(某段距离、范围)之内；在…里
rather ,adv.相反，而是；相当；更准确地说
aspect ,n.方面，层面
pressure ,n.心理压力，紧张；压力；要求，催促
contribute ,vi.&vt.是…的原因之一；捐赠，捐献；增加，添加
contribute to ,促成，造成
in the ,short长期看
memory ,n.记忆力，记性；记忆，回忆
attack ,n.发作；攻击；抨击vt.&vi.攻击；侵袭；抨击
amount ,n.数量
schedule ,n.日程安排，工作计划；时间表
negative ,adj.消极的，负面的；坏的，有害的；否定的
plastic ,adj.可塑的；塑料的n.塑料
surgery ,n.外科手术
plastic surgery ,整形手术；整形外科
live up to ,达到，符合，不辜负
end up ,最终成为，最终处于
fashion ,n.时尚，时兴；流行款式
campus ,n(.大学、学院的)校园，校区
shadow ,n.阴影，影子；昏暗处，阴暗处
treatment ,n.治疗；对待，待遇；处理
guy ,n.小伙子，家伙
addition ,n.增加，添加；加法
in addition ,此外
saying ,n.格言，谚语，警句
hang over ,使忧心忡忡，担心可能发生
jeans ,n.牛仔裤
male ,adj.男性的；雄性的n.男性，雄性
female ,adj.女性的；雌性的n.女性，雌性
guard against ,防范，防止，提防
beauty ,n.美，美丽；美人，美好的东西
fight a losing battle ,打一场无望取胜的仗
digital ,adj.数码的，数字的
series ,n.(pl.series)一系列，连续
show off ,显示，展示；炫耀，卖弄
external ,adj.外来的，外在的；外面的，外部的
strength ,n.优势；力气，力量；实力
talent ,n.天资，天赋；人才，天才
piano ,n.钢琴
take pride in ,为…自豪，为…骄傲
content ,n.内容；目录
individuality ,n.个性，个人特征
achievement ,n.成就，成绩；达到，完成
app ,n.应用程序，应用软件(application的缩写)
必修二,
Unit 1,
type ,n.类型，种类vt.&vi.打字
comedy ,n.喜剧片，喜剧
*documentary ,n.纪录片，纪实节目adj.文件的；纪录的
fantasy ,n.幻想作品；幻想，想象
horror ,n.恐怖电影(或故事等)；震惊，恐惧
romance ,n.爱情故事；浪漫史；爱情
fiction ,n.小说；虚构的事
science fiction ,(informalsci-fi;abbr.SF)科幻电影(或小说等)
behind the scenes ,在后台，在幕后
actually ,adv.实际上，事实上
brief ,adj.简洁的，简单的；短时间的
familiar ,adj.熟悉的，常见的
factor ,n.因素，要素
dinosaur ,n.恐龙
*roar ,n.&vi.咆哮，吼叫
sheet ,n.一张(纸)；床单，被单；薄片
envelope ,n.信封
attach ,vt.认为有重要性，重视；把…固定，附上
visual ,adj.视力的，视觉的
frequently ,adv.频繁地，经常
studio ,n.电影摄影棚；录音室
enable ,vt.使能够，使可行
aid ,"n.,vt.&vi.帮助；援助"
prefer ,vt.较喜欢，更喜欢
creative ,adj.创造性的，创作的；有创造力的
approach ,n.方法；接近，靠近vt.接近，靠近；处理
angle ,n.角度；立场，观点
*prop ,n.道具；支柱，支撑物
revise ,vt.改变，修改；修订；复习
historian ,n.史学工作者，历史学家
ensure ,vt.保证，确保
Atlantic ,adj.大西洋的
ocean ,n.大洋，海洋
not to mention ,更不用说，且不说
lecture ,n.讲座，演讲；教训，训斥vi.开讲座，讲课vt.指责，训斥
justice ,n.公平，公正；公道，合理
do justice to ,恰当处理(某人或某事)；公平对待(某人或某事)，给予公正的评价
*iceberg ,n.冰山
dragon ,n.龙
award ,n.奖，奖品，奖金vt.授予，给予
audience ,n.观众，听众
perform ,vi.表演；工作，运转vt.表演；做，履行
location ,n.外景拍摄地；地方，地点
in addition to ,除…以外(还)
*martial ,adj.战争的，军事的
martial art ,武术
desert ,n.沙漠，荒漠
jungle ,n.丛林，密林
title ,n.名称，标题；称号；职位名称
adapt ,vt.改编，改写；使适应vi.适应
regard ,vt.将…认为，看待；注视
classic ,n.经典作品，名著adj.经典的；古典的
super ,adj.极好的，了不起的，超级的
solution ,n.解决方法，处理手段；答案
onto ,prep.向，朝
system ,n.系统；制度，体制
cure ,n.药物，疗法；治疗vt.治好
eventually ,adv.最后，终于
typical ,adj.典型的，有代表性的
fancy ,adj.复杂的；花哨的；昂贵的vt.想要，想做；倾慕
narrow ,adj.狭窄的；勉强的；狭隘的vt.&vi.(使)窄小，缩小
recommend ,vt.推荐，举荐；劝告，建议
personality ,n.性格，个性；气质
despite ,prep.即使，尽管
major ,adj.主要的，重要的
event ,n.事件；活动
pull up ,停车，停止
wave ,vi.&vt.挥手，招手；挥舞n.海浪；大量涌现
*recollect ,vt.&vi.记起，回忆起
recall ,vt.&vi.回想，回忆起
*angel ,n.天使；善人
*dandy ,adj.非常好的，极佳的
*crooked ,adj.不直的，弯曲的
arrow ,n.箭；箭头
*pea ,n.豌豆
Unit 2,
soccer ,n.〈美〉足球运动
bat ,n.蝙蝠；球棒，球板vt.&vi.用球棒(板)击球
skydiving ,n.跳伞运动
congratulation ,n.祝贺，恭喜；贺辞；恭贺
assume ,vt.假定，认为；承担(责任)，就(职)；呈现，显露
do wonders ,创造奇迹，产生神奇作用
lung ,n.肺
over the long term ,长期
tend ,vi.往往会；趋向vt.照看
*immune ,adj.有免疫力；不受影响的；免除的
disease ,n.病，疾病
moreover ,adv.此外，而且
reduce ,vt.减少，缩小
routine ,n.常规，惯例adj.常规的，例行的；乏味的
muscle ,n.肌肉，肌
*aerobic ,adj.有氧的；需氧的
jogging ,n.慢跑锻炼
skiing ,n.滑雪(运动)
pull-up ,n.引体向上
bone ,n.骨头，骨
gymnastics ,n.体操，体操训练
*tai chi ,n.太极拳，太极
stretch ,vt.&vi.伸展，舒展；拉长；伸出；(使)延伸
range ,n(.变动或浮动的)范围，界限，区间；一系列
movement ,n.活动，转动；移动；运动
stick with ,持续，坚持
petrol ,n.汽油
*carbohydrate ,n.碳水化合物，糖类
court ,n.球场；法院，法庭；宫廷
under the weather ,略有不适，不舒服
plus ,conj.而且，此外prep.加；和
nearby ,adj.附近的，邻近的adv.在附近，不远
gym ,n.健身房，体育馆
energy ,n.能，能量；精力；能源
protein ,n.蛋白质
average ,n.平均水平，一般水准adj.平均的；典型的
throughout ,prep.自始至终；各处，遍及
make up for ,弥补，补偿
sweat ,n.汗水vt.&vi.出汗，流汗
injury ,n.伤害，损伤
prevent ,vt.阻止，阻碍
tissue ,n.(人、动植物细胞的)组织；(尤指用作手帕的)纸巾，手巾纸
equipment ,n.设备；配备，装备
lack ,n.缺乏，匮乏，短缺vt.&vi.没有，缺乏，不足，短缺
maintain ,vt.维持；维修，保养
announce ,vt.宣布，宣告；通知
put the finishing touches to ,对…进行最后的润色或修饰
update ,n.最新消息
in response to ,对…作出反应；作为对…的回复
replace ,vt.用…替换；代替，取代；更换，更新
athlete ,n.运动员
boxing ,n.拳击运动
champion ,n.冠军，第一名
partner ,n.搭档，同伴；伙伴；合伙人
position ,n.处境；位置；姿势；观点；地位
hesitate ,vi.犹豫，迟疑
admit ,vt.&vi.承认；招认；准许进入；准许加入
inspire ,vt.激励，鼓舞；启发思考；使产生(感觉或情感)
explore ,vt.&vi.探究，探索；勘探，勘察
*crane ,n.鹤
*rooster ,n.雄鸡
inspiration ,n.灵感；鼓舞人心的人(或事物)
nowadays ,adv.现今，现在
master ,n.大师，能手；主人vt.精通，掌握；控制
no wonder ,不足为奇，并不奇怪
*imitate ,vt.模仿；仿效
ache ,vi.&n.疼痛，隐痛
satisfaction ,n.满意；满足，达到
root ,vt.&vi.(使)生根n.根，根茎；根源，起因
be rooted in ,起源于
philosophy ,n.哲学
*unity ,n.统一体，联合体，整体；团结一致，联合，统一
exist ,vi.存在；生活，生存
backwards ,(alsobackward)adv.向后；朝反方向
breathe ,vi.&vt.呼吸；呼出
diagram ,n.简图，图解，图表，示意图
Unit 3,
wedding ,n.婚礼，结婚庆典
*ceremony ,n.典礼，仪式
decorate ,vt.&vi.装饰；点缀；粉刷，油漆
formal ,adj.(穿着、言语、行为等)适合正式场合的，正规的，庄重的
tradition ,n.传统，传统的信仰(或风俗)
bride ,n.新娘
eye-catching ,adj.惹人注意的，引人注目的
*sari ,n.莎丽(南亚妇女裹在身上的长巾)
custom ,n.风俗，习俗；个人习惯；光顾
impression ,n.印象，感想；影响，效果
bridegroom ,n.新郎
entrance ,n.进入，出场；入口；进入权；准许加入
anything but ,决不，根本不
ordinary ,adj.普通的，平常的；平庸的
romantic ,adj.浪漫的；爱情的；(Romantic)浪漫主义的
flight ,n.班机，航班；航程；飞行
occasion ,n.特殊场合，盛会；时刻；时机
in the air ,可感觉到；在传播中
merry ,adj.愉快的，高兴的
band ,n.乐队，乐团；一伙，一帮；带，箍
costume ,n.戏装，装扮用服装
*samba ,n.桑巴舞，桑巴舞曲
*twist ,vi.&vt.扭转，转动；使弯曲；曲折n.转动；转折；曲折处
clap ,vi.&vt.鼓掌，拍手n.鼓掌，拍手
march ,vi.齐步走，前进；游行示威n.游行示威；行进
current ,n.水流，潮流；电流；思潮adj.当前的；通用的
beer ,n.啤酒
roast ,vt.&vi.烘，烤，焙(肉等)
be caught up in ,被卷入，陷入
annual ,adj.每年的，年度的；一年的
engine ,n.发动机，引擎
fire engine ,消防车
acid ,n.酸adj.酸性的；酸味的
stuff ,n.东西，物品；活儿，话vt.填满，装满；把…塞进
vehicle ,n.交通工具，车辆；手段，工具
earn ,vt.&vi.赚得；获利；赢得
mirror ,n.镜子
apartment ,n.公寓套房
hunt ,vi.&vt.寻找，搜寻；打猎，猎杀；追捕
chain ,n.链子，链条；一系列；连锁店vt.用锁链拴住
pass down ,使世代相传，流传
income ,n.收入，收益
per ,prep.每，每一
*comb ,n.梳子；梳理(头发)vt.梳，梳理；搜寻
package ,n.包，盒；包裹；一套，一揽子vt.将…包装好；包装
promote ,vt.促进，推动；促销；提升，晋升
fall on ,适逢，正当
lunar ,adj.月亮的，月球的
observe ,vt.遵守；注意到；观察；庆祝
nation ,n.民族，国家；国民
honour ,(AmEhonor)n.尊敬，尊重；荣幸；荣誉vt.尊重，尊敬；给予表扬；信守
in honour of ,为向…表示敬意
generation ,n.一代人；代，一代；产生
source ,n.来源；起源；源头
identity ,n.特性；身份
previous ,adj.先前的，以往的；稍前的
duty ,n.责任，义务；上班，值班；职责；税
precious ,adj.宝贵的，珍贵的；珍奇的，珍稀的
eve ,n.前夜，前夕
china ,n.瓷；瓷器
plate ,n.盘子，碟子；板块；车牌
sort ,n.种类，类别vt.整理，分类；妥善处理
pork ,n.猪肉
bite ,"n.(咬下的)一口；咬；咬伤vt.&vi.(bit,bitten)咬，叮"
select ,vt.选择，挑选
settle ,vi.&vt.定居；结束；解决；决定；使处于舒适的位置
convenient ,adj.方便的，省事的，便利的，实用的
neat ,adj.整洁的，整齐的；有条理的
*couplet ,n.对联，对句
represent ,vt.代表；为…代言；体现
midnight ,n.午夜，子夜
snack ,n.点心，小吃
set off ,使爆炸
*firecracker ,n.鞭炮，爆竹
firework ,n.烟火，烟花
fortune ,n.机会，运气；巨款；命运
lantern ,n.灯笼，提灯
riddle ,n.谜，谜语
*willow ,n.柳，柳树
*creep ,"vi.(crept,crept)渐渐出现"
tear ,"vt.&vi.(tore,torn)撕裂，撕碎"
*sleeve ,n.袖子
Unit 4,
devote ,oneselfto致力，专心，献身
*earnest ,adj.非常认真的；诚实的，真诚的
*butterfly ,n.蝴蝶
literature ,n.文学，文学作品
*shell ,n.贝壳；壳
in store ,(forsb)即将发生(在某人身上)，等待着(某人)
appeal ,vi.有吸引力；申诉；呼吁n.吸引力；申诉；呼吁
determine ,vt.确定；支配；决心vi.决心
significant ,adj.有重要意义的，显著的
description ,n.描述，形容，说明
sensitive ,adj.感觉敏锐的；体贴的；敏感的；灵敏的
soul ,n.灵魂；心性，内心
reflect ,vt.&vi.反映，显示；映出(影像)；反射(声、光、热等)；沉思
capable ,adj.有能力，有才能；能力强的
awaken ,vt.&vi.唤起，被唤起；(使)醒来
launch ,vt.使(船)下水；开始从事，发动
permanence ,n.永久，持久性
contain ,vt.包含，含有，容纳
element ,n.要素，基本部分
turkey ,n.火鸡；火鸡肉
generosity ,n.慷慨，大方，宽宏大量
universal ,adj.普遍的，共同的；普遍存在的
summary ,n.总结，概括，概要
in summary ,总的来说
feature ,n.特色，特征vt.以…为特色，是…的特征
author ,n.作者，作家
therefore ,adv.因此，所以
issue ,n.重要议题，争论的问题；问题，担忧；(报刊)一期vt.宣布，公布
novel ,n.(长篇)小说
draw on ,凭借，利用
chapter ,n.章节；篇章
poetry ,n.诗集，诗歌
stage ,n.舞台；阶段；步骤vt.上演，举办
*autobiography ,n.自传
*biography ,n.传记，传记作品
extremely ,adv.极其，非常，极端
destroy ,vt.摧毁，毁灭，破坏
defeat ,vt.击败，战胜n.失败，战败；击败
attempt ,vt.&n.努力，尝试，试图
upper ,adj.上部的；上面的
gap ,n.差距；间隙
context ,n.(事情发生的)背景，环境，来龙去脉；上下文，语境
specific ,adj.特定的；明确的，具体的
ought to ,modalv.应该，应当
particular ,adj.特别的，格外的；特指的；挑剔的
in particular ,尤其，特别
topic ,n.话题；题目；标题
collection ,n.(同类)收藏品；作品集；募捐
section ,n.部分，部门；部件，散件
mean ,adj.吝啬的，小气的；不善良的，刻薄的
transport ,vt.运输，运送n.交通运输系统；交通车辆；运输
straighten ,vt.挺直；(使)变直，变正
*strain ,n.用劲，使力；压力，拉力；重负
alongside ,adv.在…旁边；与…一起
*accomplish ,vt.完成
noble ,adj.贵族的，高贵的；崇高的；宏伟的
confused ,adj.糊涂的，迷惑的；不清楚的，混乱的
clear ,up(头脑)清醒；使整洁，清理
be on the point of doing,sth正要做某事
*weave ,"vi.&vt.(weaved,weaved)迂回行进，穿行；(wove,woven)编"
*mushy ,adj.糊状的，软而稠的
flash ,n.闪光；闪现vt.&vi.(使)闪光；(使)闪现
必修三,
Unit 1,
living ,adj.活着的，活的；在使用的n.生计，谋生；生活方式
harm ,n.&vt.伤害，损害
soil ,n.土壤；国土，领土，土地
*ecosystem ,n.生态系统
overseas ,adj.海外的，国外的adv.在海外，向国外
region ,n.地区，区域；行政区
continent ,n.大陆，陆地，洲
*mammal ,n.哺乳动物
*jaguar ,n.美洲豹，美洲虎
survive ,vi.生存，存活vt.幸存，幸免于难
frog ,n.蛙，青蛙
in turn ,相应地，转而
million ,num.一百万；许多，大量
length ,n.长，长度；时间的长短；篇幅，(电影)片长
biodiversity ,n.生物多样性
species ,n.(pl.species)种，物种
nut ,n.坚果
brazil nut ,巴西坚果
*lily ,n.百合(花)
water lily ,睡莲
variety ,n.不同种类；变化，多样性；变种，变体
wildlife ,n.野生动植物，野生生物
beneath ,prep.在…下面，在…下方；配不上
mass ,n.大量；团，块，堆；一大群adj.大批的，广泛的
towering ,adj.高大的，高耸的；出色的
hardwood ,n.阔叶树；硬材(阔叶树的木材)
insect ,n.昆虫
microorganism ,n.微生物
break down ,使分解(为)，使变化(成)
nutrient ,n.营养素，营养物
breathe life into ,给…带来起色，注入活力
carbon ,n.碳
oxygen ,n.氧，氧气
thus ,adv.因此，从而；这样
disappear ,vi.不复存在，灭绝，消亡；消失；失踪
due ,to由于，因为
agriculture ,n.农业，农学
cattle ,n.牛
impact ,vi.&vt.有影响；冲击
extinction ,n.灭绝，绝种
damage ,vt.&n.损害，伤害，损坏，破坏
climate ,n.气候；倾向，风气
build up ,逐渐增加，扩大
global ,adj.全球的；全面的
greenhouse ,n.温室，暖房
gas ,n.气体；煤气；汽油
drought ,n.旱灾，久旱
come up with ,想出，想到
call ,for(公开)要求；需要
application ,n.应用，运用；申请
brochure ,n.小册子
organization ,n.组织，团体；组织工作；安排；条理
absolutely ,adv.绝对地，完全地；极其
belt ,n.地带，地区；腰带；传送带
medal ,n.奖章，勋章
image ,n.形象；图像；意象
shark ,n.鲨鱼
spring to mind ,突然记起(或想到)
whale ,n.鲸
deer ,n.(pl.deer)鹿
track ,vt.&vi.跟踪，追踪n.足迹，踪迹；小道；轨道；跑道；路线
habitat ,n.生活环境，栖息地
nowhere ,adv.无处，哪里都不
dolphin ,n.海豚
resident ,n.居民，住户
chief ,n.首领，最高领导人adj.主要的；首席的
committee ,n.委员会
entirely ,adv.完全地，全部地，完整地
smog ,n.雾霾，烟雾
get rid ,of摆脱，丢弃，扔掉
protest ,n.抗议，反对
profit ,n.利润，收益；好处vi.&vt.获益，得到好处
defence ,(AmEdefense)n.辩护；防御，保护；防御物；国防；防守
various ,adj.各种不同的，各种各样的
process ,n.过程，进程；步骤，流程vt.加工，处理
economic ,adj.经济的，经济上的；可赚钱的
policy ,n.政策，方针；原则
branch ,n.(政府或机构)部门；分部；树枝；支流；分支
strategy ,n.策略，行动计划；策划，部署
recycle ,vt.回收利用，再利用
subway ,n.地铁；地下人行道
former ,adj.昔日的，前任的；以前的，从前的
official ,n.官员，要员adj.公务的；正式的，官方的
poverty ,n.贫穷，贫困；贫乏
poison ,vt.污染；毒死，毒害n.毒物，毒药
chemical ,n.化学制品adj.化学的；化学作用的
consequence ,n.结果，后果；重要性
give rise to ,使发生(或存在)
further ,adj.更多的，更进一步的adv.较远，更远；进一步vt.促进，增进
Unit 2,
county ,n.郡，县
injure ,vt.伤害，使受伤；损害
disaster ,n.灾难，灾害；彻底失败
at large ,整个，全部
reaction ,n.反应，回应；抗拒；化学反应
crash ,n.碰撞声，破裂声；碰撞；崩溃vi.&vt.碰撞，撞击；崩溃
signal ,vi.&vt.发信号，示意；标志n.信号，暗号；标志；信号灯
exit ,vt.&vi.出去，离去，退场；退出n.出口，通道；离开
orderly ,adj.有秩序的，有条理的，整齐的
stair ,n.楼梯；梯级
roll ,n.名单；卷；一管；翻滚vi.&vt.翻滚，滚动；翻身；卷起
roll call ,点名
confirm ,vt.证实，确认；使确信；批准
safe and sound ,安然无恙的
hug ,vt.拥抱，搂抱；抱紧
procedure ,n.程序，步骤，手续
*tsunami ,n.海啸
odd ,adj.奇怪的，怪异的；偶尔的；不成对的
*bubble ,n.泡沫，泡，气泡
occur ,vi.发生，出现；存在于
occur to ,被想到，浮现在脑中
keep ,one’shead(在困境中)保持冷静
relief ,n.宽慰，轻松；减轻，消除；救济
typhoon ,n.台风
destructive ,adj.引起破坏(或毁灭)的，破坏(或毁灭)性的
pole ,n.柱，杆；极
inform ,vt.了解，熟悉；通知
hurricane ,n.飓风
conference ,n.会议，研讨会；讨论，商谈
shock ,n.震惊，惊愕；剧烈震动vt.使震惊
scare ,vt.&vi.惊吓，害怕n.恐慌；惊吓
power ,n.电，电力；权力；政权；控制力；能力；能量；力量
run out of ,用完，耗尽
supply ,n.补给，补给品；供应；供应量，储备vt.供应，供给，提供
donate ,vt.捐赠，赠送；献(血)
charity ,n.慈善机构(或组织)；慈善，施舍；仁爱，宽容
staff ,n.全体职工；管理人员vt.在…工作，任职于
slide ,n.幻灯片；降低；滑行；山崩vi.&vt.滑行；逐渐陷入
fund ,n.资金；基金
flood ,n.洪水，水灾；大量vi.&vt.淹没，泛滥；大量涌入；充满
downstairs ,adv.在楼下，往楼下n.楼下
document ,n.文件，公文；(计算机中的)文档
honey ,n.(爱称)亲爱的；蜂蜜
otherwise ,adv.否则，不然；除此以外
curious ,adj.好奇的；奇特的
*Roman ,adj.古罗马的；罗马的n.古罗马人；罗马人
erupt ,vi.&vt.(火山)爆发；突然发生
unearth ,vt.使出土，挖掘，发掘；发现，找到
destination ,n.目的地，终点
bar ,n.酒吧；小馆子；吧台；条，块；栏杆；障碍vt.封；阻挡；阻止
import ,vt.进口，引进
export ,vt.出口，输出
port ,n.港口，避风港；港口城市
cloud-capped ,adj.高耸入云的，耸入云霄的
*ashy ,adj.覆盖着灰的；灰色的
*dawn ,n.黎明，破晓；开端，萌芽vi.开始；开始清楚
volcano ,n.火山
take the form of ,呈现…的形状；采取…的形式
trunk ,n.树干
unbearable ,adj.难耐的，无法忍受的
break out ,突然开始，爆发
beyond ,adv.在(或向)较远处，在另一边prep.在(或向)更远处；超出；晚于；无法；超出…之外
distance ,n.遥远，久远；距离；差异；疏远
far and wide ,到处，各处
pattern ,n.图案，花样；模式；范例；模型
column ,n.柱，圆柱；柱状物；栏；专栏；队，列
rescue ,n.&vt.救援，营救，抢救
sharp ,adj.灵敏的；锋利的；急剧的；明显的；尖锐的；强烈的
locate ,vt.找出…的准确位置；把…安置在(或建造于)
retire ,vi.&vt.退休，退职
Unit 3,
*webcam ,n.网络摄像头
pot ,n.壶，瓶，罐；锅
*emoji ,n.表情符号
comic ,n.连环漫画；喜剧演员adj.滑稽的；喜剧的
take off ,突然大受欢迎，迅速流行
frontier ,n.国界，边界；尖端，边缘
billion ,num.十亿
obviously ,adv.显然，明显地
access ,n.机会，权利；入径，通道vt.到达，进入，使用
extent ,n.程度，限度；范围
to a certain extent ,在一定程度上
at one’s fingertips,掌握(信息)，熟悉、精通(知识等)，了如指掌
click ,n.点击，单击；咔哒声vi.&vt.使发出咔哒声；点击，单击
button ,n.按键；纽扣
recipe ,n.食谱；方法，秘诀
military ,adj.军事的，军队的
affair ,n.公共事务，政治事务；事件，事情
bring up ,使显示在计算机屏幕上，调出；提出
majority ,n.大部分，大多数；多数票
goods ,n.商品，货品；私人财产
commerce ,n.商务，商业，贸易
deliver ,vt.递送，传送；发表，宣布；交出
site ,n.网站，站点；地点；现场
boot ,n.靴子
arrangement ,n.安排；布置；约定；排列
cash ,n.现金；金钱，资金
above all else ,最重要的是，尤其是
establish ,vt.建立(关系或联系)；设立；确立；使得到认可；查实，确定
software ,n.软件
instant ,adj.立即的，立刻的；方便的n.瞬间，片刻；某一时刻
comment ,n.议论，评论；批评，指责vi.&vt.表达意见
aware ,adj.知道，意识到；察觉到，发觉；有…意识的
surf ,vt.&vi.(互联网上)冲浪，浏览；进行冲浪运动
guideline ,n.准则，指导方针；参考
remove ,vt.删除；移走；开除
file ,n.文件；文件夹；档案
belong ,vi.应在(某处)；能适应
belong to ,属于，归…所有
ballet ,n.芭蕾舞；芭蕾舞剧；芭蕾舞团
set up ,创建，建立
request ,vt.要求，请求n.要求，请求；要求的事
technical ,adj.技术的，技能的；专门技术的；专业的
upload ,vt.上载，上传
download ,vt.下载
percentage ,n.百分率，百分比；提成
entertainment ,n.娱乐活动；招待，娱乐
mobile ,adj.可移动的，非固定的；行动方便的；流动的n.手机
device ,n.设备，仪器；手段，技巧
addict ,n.对…入迷的人；瘾君子
be glued to sth ,全神贯注看着某物，离某物很近
Wi-Fi ,n.无线网络
battery ,n.电池
quit ,"vt.&vi.(quit,quit;quitted,quitted)停止，戒掉；离开"
shoot past ,飞驰而过
knock sb off ,one’sfeet撞倒某人，使某人双脚离地
scary ,adj.恐怖的，吓人的
somehow ,adv.不知怎么地；以某种方式(或方法)
be lost in ,全神贯注，沉浸于
journal ,n.日记；报纸，杂志
reveal ,vt.展示，显出；揭示，透露
appreciate ,vt.欣赏，赏识；感谢
wide-ranging ,adj.覆盖面广的，内容广泛的
opera ,n.歌剧；歌剧院
badminton ,n.羽毛球运动
cut back on ,减少，削减
Unit 4,
republic ,n.共和国，共和政体
*malaria ,n.疟疾
deadly ,adj.致命的；十足的，彻底的
survival ,n.生存，存活；残存物，幸存事物
province ,n.省，省份
broad ,adj.广泛的；宽阔的，广阔的；概括的；开阔的
intend ,vt.&vi.想要，计划；意指
*extract ,vt.提取；选录；取出；设法得到
herb ,n.药草，香草；草本
refer ,to查阅，参考；提到，谈及
experiment ,n.实验，试验；尝试，实践vi.做试验，进行实验；尝试
trial ,n.试用，试验；审讯，审判；考验vi.&vt.测试，试验
limited ,adj.有限的
household ,adj.家庭的，家用的，家务的n.一家人，家庭
container ,n.容器；集装箱，货柜
postpone ,vt.延迟，延期
sufficient ,adj.足够的，充足的
data ,n.数据，资料，材料
speed ,up(使)加速
pay off ,成功，奏效，达到目的
error ,n.错误，差错
through trial and error ,反复试验
wisdom ,n.智慧，知识，学问；才智；明智
beneficial ,adj.有益的，有用的
conduct ,vt.&vi.组织，实施；指挥；引导；举止
illustrate ,vt.说明，解释；加插图于
*penicillin ,n.青霉素，盘尼西林
*mould ,(AmEmold)n.霉菌；模具；类型vt.浇铸；塑造
*bacteria ,n.(sing.bacterium)细菌
surround ,vt.围绕，环绕；包围；与…紧密相关
indicate ,vt.表明；暗示；提及；指出
accident ,n.意外，偶然的事；事故，意外遭遇
by accident ,偶然，意外地
intelligent ,adj.有才智的，聪明的；有智力的
favour ,(AmEfavor)vt.较喜欢；偏袒；有助于n.帮助，好事；赞同；偏袒
politician ,n.政治家，从政者；投机钻营者
*lightning ,n.闪电
electricity ,n.电，电能
theory ,n.学说，论；原理；看法，意见
thunderstorm ,n.雷雨，雷暴
*ribbon ,n.带子，丝带；带状物
metal ,n.金属
charge ,vt.&vi.充电；收费；控告；谴责；使…承担责任；使充满n.收费；控告；谴责；掌管
electric ,adj.电的，发电的，电动的
*bang ,n.突然的巨响；猛敲，猛击vi.&vt.砸；砰地关上；猛摔；碰撞
with a bang ,很成功；引人注目，有强烈影响
standout ,adj.突出的n.突出的人(或物)
*atomic ,adj.原子能的；原子的
bomb ,n.炸弹；核武器vt.轰炸
*evil ,n.罪恶，罪行；害处，坏处adj.恶毒的；有害的；恶魔的
involve ,vt.包含；牵涉，影响；(使)参加
scientific ,adj.科学的，关于科学的；细致严谨的
credit ,n.赞扬，认可；信用vt.存入金额；把…归于
moral ,adj.道德的；道义上的；品行端正的n.品行，道德；寓意
authority ,n.权威，权力；官方
permit ,n.许可证
apply ,vt.&vi.应用；申请；涂；有关
negate ,vt.取消，使无效；否认，否定
*intellectual ,adj.脑力的；有才智的，智力发达的n.知识分子，脑力劳动者
*mystery ,n.神秘；神秘的人(或事物)；悬疑作品
let sb down ,使某人失望
ignorance ,n.无知
as to ,关于，至于
take it for granted ,想当然地认为，认为…是理所当然
freedom ,n.自由
responsibility ,n.责任，负责；职责，义务
declare ,vt.表明，宣称；公布，宣布；申报
nationality ,n.国籍；民族
put forward ,提出，提议，建议
*evolution ,n.进化；演变，发展
publish ,vt.出版，发行；发表；公布
marriage ,n.结婚，婚姻；已婚状态
选修一,
Unit 1,
mood ,n.情绪，心情；气氛，氛围
combination ,n.结合体，联合体；联合，混合
do the trick ,奏效，起作用，达到目的
creamy ,adj.含奶油的；像奶油的，光滑细腻的；淡黄色的
flavour ,(AmEflavor)n.味，味道；特点，特色vt.给…调味，加味于
greedily ,adv.贪婪地，贪心地
gently ,adv.轻柔地，温和地
dessert ,n.(饭后)甜点，甜食
association ,n.联想，联系；协会，社团；联合，交往
vary ,vi.(根据情况)变化，变更；相异，不同vt.变更，改变
link ,vt.联系，相关联；把…连接起来n.联系，连接；关系，纽带；链接
emotion ,n.情感，强烈的感情，激情，情绪
saucer ,n.碟状物，茶碟，茶托
*vinegar ,n.醋
native ,n.出生于某国(或某地)的人；本地人adj.出生地的；本地的；土著的；土产的
salty ,adj.咸的，含盐的
sour ,adj.酸的，有酸味的；馊的vi.&vt.(使)变坏；变味，酸腐
cry out for ,迫切需要
relieve ,vt.解除，减轻；缓和，缓解
bond ,n.纽带，联系；连接，结合
security ,n.安全；保护措施；保安部门；担保，保证
generate ,vt.产生，引起
calorie ,n.卡，卡路里；千卡
digest ,n.摘要，文摘
lower ,vt.降低，减少；把…放低，使…降下adj.下面的；在底部的；低洼的
cycle ,n.循环；自行车，摩托车vi.骑自行车
enhance ,vt.提高，增强
throw oneself into ,投身于，热衷于
boil ,vt.&vi.用沸水煮；(使)沸腾
fry ,vt.&vi.油炸，油煎
steak ,n.牛排；肉排，肉块
pan ,n.平锅，平底锅
impress ,vt.&vi.使钦佩，给…留下深刻印象；使意识到
buffet ,n.自助餐
bay ,n.(海或湖的)湾
scenery ,n.风景，景色；舞台布景
bet ,"n.打赌，赌注；预计，估计vi.&vt.(bet,bet)下赌注，打赌；敢说"
atmosphere ,n.气氛，氛围；大气；气体；空气
out of this world ,好(或美等)得不得了，非凡，呱呱叫
version ,n.变体，变种；说法；版本
filling ,n.(糕点等的)馅
elderly ,adj.年纪较大的，上了年纪的
bake ,vt.&vi.烘烤；烤硬
flour ,n.面粉
adorable ,adj.可爱的，讨人喜爱的
mild ,adj.不浓的，淡味的；暖和的；温和的；不严重的
*tiramisu ,n.提拉米苏
bakery ,n.面包(糕饼)店
*layer ,n.层，表层；层次
cheese ,n.干酪，奶酪
bitter ,adj.味苦的；激烈的；令人难过的；严寒的
cream ,n.奶油，乳脂；护肤霜
*ingredient ,n.材料，成分；因素，要素
loose ,adj.不受约束的；未固定牢的；零散的；宽松的；疏松的
let sth loose ,释放；放任
*chilli ,(AmEchili)n.辣椒
pepper ,n.甜椒；胡椒粉
Sichuan pepper ,花椒
onion ,n.洋葱，葱头
spring onion ,小葱，香葱
damp ,adj.潮湿的，湿气重的
foggy ,adj.有雾的，雾茫茫的
dynasty ,n.朝，代；王朝
expand ,vt.&vi.增加，扩大；扩展，发展(业务)；详谈，详述
multiple ,adj.数量多的，多样的
*sauce ,n.调味汁，酱
plain ,adj.朴素的，简单的；清楚的n.平原
slice ,n.薄片，片；部分，份额vt.把…切成片；切开，割破
chef ,n.主厨，厨师
property ,n.性质，特性；所有物，财产；不动产
appropriate ,adj.合适的
estimate ,n.估计；估计的成本
consume ,vt.吃，喝，饮；消耗，耗费(尤指燃料、能量或时间)
hit the spot ,使人满意，正合需要
*Cantonese ,adj.广东人(或文化)的，粤语的n.(pl.Cantonese)广东人；粤语
*dim sum ,n.点心
essential ,adj.必不可少的；本质的，基本的
innovation ,n.创造，创新；新思想，新方法
concept ,n.概念，观念
stimulate ,vt.促进，激发；刺激，使兴奋
appetite ,n.食欲，胃口；强烈欲望
delicate ,adj.精致的，精细的，精密的；易损的，易碎的，脆弱的
emphasis ,n.(pl.emphases)强调，重视；重读
steam ,vt.&vi.蒸；散发蒸汽n.水蒸气；蒸汽动力；水汽
gram ,n.克
cabbage ,n.甘蓝，卷心菜
wrapper ,n.(食品等的)包装材料，包装纸
mixture ,n.混合物；混合，结合
edge ,n.边，边缘；刀口
apart ,adv.成碎片；分开；相隔
fall apart ,破碎，破裂；崩溃
Unit 2,
*Austrian ,adj.奥地利的，奥地利人的
composer ,n.作曲家，作曲者
symphony ,n.交响乐，交响曲
*concerto ,n.协奏曲
*Polish ,adj.波兰的，波兰人的，波兰语的
compose ,vt.&vi.作曲；组成；撰写；使镇静
deserve ,vt.值得，应得
tear apart ,使(关系密切的人)分离，分开
pleasant ,adj.令人愉快的，可喜的；友好的，和善的
whisper ,vi.&vt.耳语，低语；私下说；沙沙作响n.低语；轻柔的声音；传言
dramatic ,adj.激动人心的，引人注目的；突然的；戏剧的；夸张的
weep ,"vi.&vt.(wept,wept)哭泣，流泪"
overcome ,"vt.(overcame,overcome)受到…的极大影响；克服，解决；战胜"
sorrow ,n.悲伤，悲痛；伤心事
*grave ,n.坟墓；死亡，去世adj.严重的；严肃的
transform ,vi.&vt.(使)变形，(使)改观，(使)转化
forever ,adv.永远；长久地；老是
combine ,vt.&vi.(使)融合；(使)结合，(使)混合；兼做；合并
rely ,on依赖，依靠；信任
blues ,n.(theblues)布鲁斯音乐，蓝调；忧郁，悲伤
folk ,adj.民间的，民俗的n.民间音乐；人们；各位；家人
tune ,n.曲调，曲子vt.调音；调频道；调整
*lyric ,n.歌词；抒情诗adj.抒情的；吟唱的
throw in ,奉送，额外赠送
for good measure ,作为额外增添
rural ,adj.乡村的，农村的
surroundings ,n.周围，环境
*heaven ,n.极乐之地
*breeze ,n.微风，和风
guarantee ,vt.保证，担保；确保；为(产品)提供保修n.保证，担保；保修单
jazz ,n.爵士乐
arch ,n.拱门；拱
adaptation ,n.改编本，改写本；适应
communist ,adj.共产主义的n.共产主义者
*invader ,n.武装入侵的军队(或国家)，侵略者
consist ,of由…组成(或构成)
defend ,vt.&vi.保护，防御；辩白，辩解
*solo ,n.独奏，独唱adj.独自的；独唱的，独奏的
flow ,vi.流，流动；充满；涨起n.流，流动；连贯；涨潮
*spacecraft ,n.(pl.spacecraft)航天(飞行)器，宇宙飞船
solar ,adj.太阳的；太阳能的
greet ,vt.问候，欢迎，招呼
get down to (doing) sth,开始做某事，开始认真注意(或对待)某事
suitable ,adj.合适的，适宜的，适当的，适用的
recording ,n.录音，视频；录制；记录，记载
distant ,adj.遥远的，远处的，久远的；冷淡的；远亲的
volume ,n.音量，响度；体积，容积，容量；量，额
stare ,vi.盯着看，凝视，注视n.盯，凝视，注视
breath ,n.呼吸的空气；一次吸入的空气；微量，迹象
unusual ,adj.特别的，不寻常的；独特的，与众不同的
grab ,vt.&vi.吸引；抓住；赶紧，抓紧
sweep ,"vt.&vi.(swept,swept)席卷，横扫；打扫；吹走；清除n.打扫，清扫"
disc ,(AmEdisk)n.唱片；光碟，光盘；圆盘，圆片
complicated ,adj.复杂的，难懂的
*lane ,n.(乡间)小路；小巷；车道；跑道；航线
accompany ,vt.陪同，陪伴；伴随，与…同时发生；为…伴奏
expectation ,n.希望，盼望；预料，预期；期望，指望
remarkable ,adj.非凡的，奇异的，显著的，引人注目的
stream ,vi.&vt.鱼贯而行，涌动；流，流动n.小溪；(人)流，(车)流
enthusiastic ,adj.热情的，热心的
handkerchief ,n.(pl.handkerchiefsorhandkerchieves)手帕，纸巾
vast ,adj.大量的，辽阔的，巨大的
gifted ,adj.有才华的，有天赋的
reputation ,n.名誉，名声
brilliant ,adj.聪颖的，技艺高的；巧妙的；很成功的；明亮的
prediction ,n.预言，预测
extraordinary ,adj.不寻常的，非凡的；意想不到的，令人惊奇的
depress ,vt.使抑郁，使沮丧；使萧条，使不景气
upset ,"vt.(upset,upset)使烦恼；搅乱；打翻"
possess ,vt.具有(特质)；拥有；支配，控制
abandon ,vt.中止，放弃，不再有；抛弃；舍弃
all of a sudden ,突然，猛地
*orchestra ,n.管弦乐队
desperate ,adj.绝望的；不惜冒险的；极其需要的；极严重的
uplifting ,adj.令人振奋的，鼓舞人心的
ease ,n.容易，轻易；舒适，安逸vi.&vt.(使)宽慰，减轻
genius ,n.天赋，天资；天才
variation ,n.变奏，变奏曲；变化，变更；变体，变种
chorus ,n.合唱曲；副歌；合唱团
grand ,adj.宏大的，宏伟的；壮丽的，堂皇的
*finale ,n.末乐章，终场，结局；结尾
*rhythm ,n.节奏，韵律，律动；规律
Unit 3,
*portrait ,n.肖像，半身画像；详细的描述，描绘
landscape ,n.乡村风景画；风景，景色
wander ,vi.&vt.闲逛，漫步；走失；走神；蜿蜒曲折
gallery ,n.展览馆，画廊；长廊，走廊；楼上旁听席
decade ,n.十年，十年期
mostly ,adv.主要地，一般地
pond ,n.池塘，水池
*canvas ,n.画布，油画；帆布
neighbourhood ,(AmEneighborhood)n.街区，城区；邻近的地方
strike ,"vt.&vi.(struck,struck)突然想到；撞，碰；打；突击；罢工；划(火柴)n.罢工；袭击；击，打"
setting ,n.环境，背景；情节背景
like-minded ,adj.想法相同的，志趣相投的
liberation ,n.解放，摆脱
opposed ,adj.截然不同的；强烈反对的
as opposed ,to(表示对比)而，相对于
dominate ,vt.&vi.在…中具有最重要(或明显)的特色；支配，控制；占有优势；俯视
employ ,vt.运用，使用；雇用
brushwork ,n.(画家的)笔触，画法
realistic ,adj.逼真的，栩栩如生的；现实的，实际的；明智的
essence ,n.本质，精髓；香精，精油
vivid ,adj.鲜明的，耀眼的；生动的
vision ,n.远见卓识；视力，视野；想象
display ,vt.陈列，展出；显示，表现n.陈列，展览；表现；展示
worthy ,adj.值得(或应得)…的；值得尊敬的，值得注意的
calling ,n.职业，事业；使命感
shade ,n.阴影部分；色度；阴凉处
bathe ,vt.以(光线)洒满，覆盖，使沐浴(在光线里)；用水清洗
*pixel ,n.像素
wage ,vt.开始，发动n.(通常指按周领的)工资，工钱
campaign ,n.(宣传)活动，运动；战役vt.&vi.发起运动，参加活动
architecture ,n.建筑设计，建筑风格；建筑学
toast ,n.吐司，烤面包片；干杯，祝酒vt.为…干杯；烤；取暖
garlic ,n.蒜，大蒜
mushroom ,n.蘑菇
arrange ,vt.&vi.整理，布置；安排，筹备
raw ,adj.未经加工的，自然状态的；生的，未烹制的
*scroll ,n.长卷纸，卷轴
insight ,n.洞悉，了解；洞察力，领悟
crop ,n.庄稼，作物；收成，产量
wind ,"vi.&vt.(wound,wound)蜿蜒，迂回；上发条；缠绕"
sail ,vi.&vt.(乘船)航行；起航；驾驶(船只)；飘，掠n.帆；乘船航行
civilian ,n.平民，老百姓，庶民
all walks of life ,各行各业，社会各界
butcher ,n.肉贩，屠夫
go about sth ,忙于做某事，继续做某事
apparent ,adj.显而易见，明白易懂，显然
*ink ,n.墨水，墨汁
*perspective ,n.透视法；态度，观点；客观判断力；景观，远景
precise ,adj.细致的，精细的；准确的，精确的；恰好的
ambitious ,adj.宏大的，艰巨的；有野心的，有雄心的
enormous ,adj.巨大的，庞大的
comprehensive ,adj.全面的，详尽的；综合性的
clothing ,n.衣服，服装
temple ,n.庙宇，寺院
structure ,n.建筑物；结构，构造；精心组织
overall ,adj.全面的，综合的adv.全部，总计；一般来说，大体上
critic ,n.批评家，评论家；批评者，挑剔的人
inspection ,n.检查，查看，审视；视察
expose ,vt.揭露，揭穿；暴露，显露；使遭受；使接触
political ,adj.政治的，政府的，政权的；政党的，党派的
soldier ,n.军人，士兵
crisis ,n.(pl.crises)危机，危急关头；危难时刻，病危期
decline ,n.衰退，衰落，减少，下降vi.&vt.减少，下降，衰退，衰落；谢绝
overthrow ,n.推翻，打倒
be down to ,由…引起(或造成)
*scale ,n.规模，范围；等级，级别；标度；比例
emperor ,n.皇帝
in ,one’sownright凭自身的资格(或努力)
outstanding ,adj.优秀的，杰出的；突出的，明显的
exhibition ,n.展览，展出
rare ,adj.稀少的，罕见的；稀罕的，珍贵的
speak volumes about ,充分说明，清楚表明
historic ,adj.历史上著名的；有史时期的
career ,n.经历，事业；生涯，职业
Unit 4,
*barren ,adj.贫瘠的，不毛的；不结果实的
frozen ,adj.结冰的，冰封的；冷冻的；冻僵的
imply ,vt.含有…的意思，暗示，暗指
dimension ,n.方面，侧面；规模，程度；维
grasp ,n.理解，领会；抓紧，握紧，控制；能力所及vt.抓紧；领会，理解
detect ,vt.发现，查明，侦察出
rhyme ,n.押韵词；押韵vt.使押韵vi.和…同韵
complex ,adj.复杂的，难懂的n.建筑群；复合体；情结
contradictory ,adj.相互矛盾的，对立的
dig up ,发现，搜集，查明
clue ,n.线索，提示；迹象
cage ,vt.把(动物)关在笼中n.笼子
*trill ,n.(鸟的)啼啭；颤音vt.欢快地高声说vi.发颤音
interpret ,vt.解释，阐释；把…理解为，领会；演绎vi.口译
patience ,n.耐心，忍耐力
aside ,adv.到旁边，在旁边；留，存；除…以外
set sth aside ,把…放一边；留出
remote ,adj.偏远的，偏僻的；遥远的，久远的；远亲的
reward ,vt.奖励，奖赏n.奖励，回报；悬赏金
constantly ,adv.始终，一直
logical ,adj.符合逻辑的；必然的，合乎情理的
inner ,adj.内心的，隐藏的；里面的，内部的
perceive ,vt.注意到，意识到；将…理解为，将…视为
reality ,n.现实，实际情况；事实，实际经历
mist ,n.薄雾，水汽
novelist ,n.小说家
break with sth ,与某事终止关联，破除
ideal ,n.理想；典范adj.完美的，理想的
rigid ,adj.死板的，僵硬的；固执的，僵化的
undergo ,"vt.(underwent,undergone)经历，经受"
industrialization ,n.工业化
advocate ,n.拥护者，支持者；辩护律师
belief ,n.看法，信念；信仰；相信，信心
era ,n.时代，年代
district ,n.区，行政区；地区，区域
*diverge ,vi.分叉，岔开；分歧，相异；偏离
bend ,"vi.&vt.(bent,bent)(使)拐弯，弯曲n.拐弯，弯道"
claim ,n.声明，宣称；所有权；索赔vt.宣称，声称；要求；索取；获得
*tread ,"vi.&vt.(trod,trodden)踩，踏；踩碎，践踏；行走，步行"
*sigh ,n.&vi.叹气，叹息
hence ,adv.因此，由此
dare ,vi.&vt.敢于，胆敢；激(某人做某事)
*dweller ,n.居民，居住者
striking ,adj.引人注目的，显著的；妩媚动人的，标致的
characterize ,(alsocharacterise)vt.是…的特征，以…为典型；使…具有特点；描述，刻画
Confucianism ,n.儒家，儒学，孔子学说
*Taoism ,n.道教，道家
*legend ,n.传说，传奇故事；传奇人物
encounter ,vt.偶然碰到，意外地遇见；遭遇，碰到n.相遇，遭遇，冲突
*nourish ,vt.培养，助长；抚养，滋养
numerous ,adj.众多的，许多的
*glorious ,adj.荣耀的，光荣的；壮丽的，辉煌的
*boom ,n.(贸易和经济活动的)激增，繁荣vi.迅速发展，激增，繁荣昌盛
stability ,n.稳定(性)，稳固(性)
tolerant ,adj.宽容的，容忍的；能耐…的
liberty ,n.自由
*unconstrained ,adj.不受约束的，自由的
vitality ,n.生命力，活力，热情
distinguish ,vt.&vi.成为…的特征，使有别于；区分，辨别；认出；使出众
*exaggeration ,n.夸张，夸大
*metaphor ,n.暗喻，隐喻
representative ,adj.典型的，有代表性的n.典型人物，代表性人物；代表
frost ,n.霜；霜冻，严寒天气
cast ,"vt.(cast,cast)投射；向…投以(视线、笑容等)；投，抛；选派角色n.全体演员；投，抛"
owe ,vt.欠(情)；欠(债)
debt ,n.人情债，情义，恩情；借款，欠款，债务
*fascinate ,vt.&vi.深深吸引，迷住
entitle ,vt.(usuallypassive)给…命名；使享有权利，使符合资格
blame ,vt.把…归咎于，责怪，指责n.责任，责备，指责
allowance ,n.津贴，补助；限额；零花钱
make allowance for ,体谅；考虑到，估计到
*triumph ,n.巨大成功，重大成就，伟大胜利vi.打败，战胜，成功
*impostor ,n.冒名顶替者，冒名行骗者
unforgiving ,adj.棘手的；不饶人的，不宽容的
选修二,
Unit 1,
critical ,adj.批评的，批判性的；关键的；危急的
trap ,vt.使落入险境；卡住，绊住n.陷阱，罗网；圈套；困境，牢笼
release ,vt.发布；释放；松开；发泄n.释放；发行；排放，泄漏
ambulance ,n.救护车
extend ,vi.&vt.延伸(距离)；扩大；延长；伸展
construction ,n.建筑，建造；建造物
dozen ,n.许多；(一)打；十来个
dozens of ,很多，许多
minor ,adj.轻微的，次要的
bath ,n.洗澡，洗浴；浴缸，浴盆
scream ,vi.&vt.尖叫；高声喊；发出大而尖的声音n.尖叫，尖锐刺耳的声音
bark ,vi.(狗)吠叫vt.厉声发令n.(狗)吠声；短促响亮的人声；树皮
choke ,vt.&vi.(使)窒息；(使)哽咽，(尤指感情激动而)说不出话来
cigarette ,n.香烟
carpet ,n.地毯；覆盖地面的一层厚东西
automatic ,adj.自动的；无意识的，不假思索的
investigate ,vt.&vi.侦查，调查；研究
come about ,发生
journalist ,n.新闻记者，新闻工作者
priority ,n.优先事项，首要事情；优先权，重点
contradict ,vt.相矛盾，相反；反驳，驳斥
factual ,adj.事实的，真实的
instance ,n.例子，事例
for instance ,例如，比如
differ ,vi.相异；意见相左
conclusion ,n.结论，推论；结束，结果；签订，达成
false ,adj.错误的，不真实的；非天生的；假的，伪造的；不真诚的
bring sth to light ,揭露，披露
minimum ,n.最小值，最少量adj.最低的，最小的
maximum ,n.最大量，最大限度adj.最高的，最多的
sum ,up总结，概括
sum ,n.金额，款项；总和，总数；全部
accurate ,adj.正确无误的；精确的
committed ,adj.尽心尽力的
be committed to ,致力于
discrimination ,n.辨别力，识别力；歧视，区别对待
curiosity ,n.好奇心，求知欲；奇物，珍品
journalism ,n.新闻业，新闻工作
commitment ,n.献身，投入；承诺，许诺；花费
persuade ,vt.说服；使信服
advertisement ,n.(informalad)广告，启事；广告活动，广告宣传
citizen ,n.公民；市民，居民
found ,vt.创建，创办；建立，兴建
politics ,n.政治，政治事务；(个人的)政治观点，政见
accuse ,vt.谴责，控诉
tax ,n.税，税款vt.对…征税，使纳税
mount ,vi.逐步增加vt.攀登，爬上n.山
channel ,n.途径，渠道；电视台；频道；方法；水渠
peak ,adj.高峰时期的，最高度的n.顶峰，高峰；山峰；尖端vi.达到高峰，达到最高值
advertise ,vt.&vi.做广告，登广告；公布，征聘；展现，宣传
boost ,vt.使增长，使兴旺n.增长，提高；帮助，激励
mount up ,(尺寸和数量上)增加，上升
*elevation ,n.提高；提升；海拔
profession ,n.行业，职业；同行；宣称，声明
drama ,n.戏剧；戏剧性事件
scholarship ,n.奖学金；学术
category ,n.类别，种类
nevertheless ,adv.尽管如此
witness ,vt.&vi.是发生…的时间(或地点)，见证；目击；作证；是…的迹象n.目击者，见证人；证人
edition ,n.版本；一份，一期；版次
platform ,n.计算机平台；站台，月台；讲台，舞台
spring up ,迅速出现，突然兴起
interaction ,n.互动；互相作用
membership ,n.(统称)会员，会员人数；会员资格
chart ,n.图表；海图；(thecharts)排行榜vt.记录；制订计划；绘制区域地图
broadcast ,"n.广播节目，电视节目vi.&vt.(broadcast,broadcast)播送，广播；散布，传播"
advertising ,n.广告活动，广告业
persuasion ,n.说服，劝说；信仰
psychology ,n.心理，心理特征；心理学
purchase ,vt.买，购买n.购买，采购；购买的东西，购买项目
memorable ,adj.难忘的，值得纪念的
*slogan ,n.标语，口号
teapot ,n.茶壶
get across ,被传达，被理解，把…讲清楚
*brand ,n.品牌；类型；烙印
*ambassador ,n.大使，代表
placement ,n.放置；安置
rating ,n.收视率；等级，级别
sponsor ,vt.赞助；主办；为慈善活动捐款；资助n.赞助商；为慈善活动捐款的人
absorb ,vt.理解，掌握；吸收；吸引全部注意力
discount ,n.折扣vt.打折出售
tailor ,vt.专门制作，定做n.裁缝
brighten ,up(使)增添乐趣；使更艳丽
housing ,n.住房，住宅
estate ,n.住宅区；(通常指农村的)大片私有土地；个人财产，(尤指)遗产
housing estate ,住宅区，住宅群
amuse ,vt.(提供)消遣；逗笑
Unit 2,
solidarity ,n.团结，齐心协力
*BCE ,abbr.公元前
participate ,vi.参加，参与
compete ,vi.参加比赛；竞争
racial ,adj.种族的；种族间的
diverse ,adj.多种多样的，不同的
joint ,adj.联合的，共同的n.关节；接合处
motivate ,vt.激励，激发；成为…的动机，是…的原因
*motto ,"n.(pl.mottoes,mottos)格言，座右铭"
boundary ,n.边界，分界线
demonstrate ,vt.表现，表露；证实，证明；示范，演示vi.游行示威
afterwards ,(alsoafterward)adv.以后，后来
proceed ,vi.接着做，继而做；继续从事(或进行)；行进，前往
*flame ,n.火焰，火舌
applaud ,vt.&vi.称赞，赞许；鼓掌
track and field ,田径运动
consistent ,adj.一致的，始终如一的；连续的
call on sb to do sth,正式邀请某人做某事；请求某人做某事
humanity ,n.(统称)人，人类；人性；人道，仁慈
rank ,vi.&vt.属于某等级，把…分等级；排列，使排成行n.地位，级别；等级；排，列；军衔
trend ,n.趋势，趋向
*hurdle ,n.(hurdles)跨栏赛；栏架；障碍
election ,n.选举，推选；当选
*advent ,n.(重要事件、人物等的)到来，出现
faith ,n.信心；宗教信仰
ambition ,n.追求的目标，夙愿；野心，雄心，壮志
*ascend ,vi.&vt.上升，升高，登高
identical ,adj.完全同样的
fellow ,adj.同伴的，同情况的，同类的n.同辈，同类；男人，家伙
relay ,vt.转发(信息、消息等)；播放，转播
chest ,n.胸部；大箱子
cheek ,n.面颊，脸颊
half-marathon ,n.半程马拉松赛跑
amateur ,n.业余运动员，业余爱好者；生手，外行adj.业余的
ankle ,n.踝，踝关节
gradually ,adv.逐渐地，逐步地
session ,n.一段时间，一场；会议，开庭；学年
limit ,n.限度，限制；限量，限额；界限vt.限制，限定；限量，减量
marathon ,n.马拉松赛跑；马拉松式的活动(或工作)
chairman ,n.(委员会的)委员长，主席；(会议的)主席，主持人
constitution ,n.体质，身体素质；宪法，章程
pour ,vt.&vi.倒，斟；倾倒，倒出；涌流，倾泻；下大雨
walk on air ,欢天喜地，得意扬扬
keep sth in perspective ,正确客观地看待
celebrity ,n.名人；名望
opponent ,n.对手，竞争者；反对者
*humility ,n.谦逊，谦虚
*grace ,n.高雅，文雅；优美；风度，体面
dignity ,n.尊严；自尊；高贵
*bobsleigh ,n.大雪橇(供两人或两人以上比赛用)
unselfish ,adj.无私的，忘我的
idiom ,n.习语，成语
find ,one’swayinto偶然来到，无意中处于
league ,n.联赛；等级，级别
opposing ,adj.对抗的；相反的
net ,n.(thenet)球门网；网，网状物
move the goalposts ,改变条件(或规则)
insurance ,n.保险业；保险；保险费
salesman ,n.售货员，推销员
complain ,vi.&vt.抱怨，投诉
score an own goal ,进乌龙球；无意中做让自己吃亏的事
unintentionally ,adv.无意地，非故意地
council ,n.政务委员会，地方议会；市政服务机构；委员会
backfire ,vi.产生事与愿违的不良(或危险)后果
ballpark ,n.棒球场；变动范围
in the ballpark ,差不多
a ballpark estimate ,大致相近的估计
venue ,n.活动场地
*curveball ,n.曲线球
throw sb a curveball ,给某人出难题
handle ,vt.处理，应付；控制，操纵n.把手，拉手；柄
three strikes and you are out,三振出局
fist ,n.拳，拳头
waist ,n.腰，腰部；(衣服的)腰部
below the belt ,不公正的，伤人的
cruel ,adj.刻毒伤人的，残酷的
remark ,n.谈论，言论vi.&vt.说起，评论
towel ,n.毛巾，抹布，纸巾
throw in the towel ,认输，承认失败
literally ,adv.真正地，确实地；按字面，字面上
iron ,n.铁；熨斗vt.&vi.(用熨斗)熨，烫平
Unit 3,
surgeon ,n.外科医生
physician ,n.医师，内科医生
chemist ,n.药剂师，药商；化学家
dentist ,n.牙科医生
specialize ,(alsospecialise)vi.专门研究(或从事)，专攻
*gene ,n.基因
game-changing ,adj.改变游戏规则的(指彻底改变事态发展的)
*genome ,n.基因组，染色体组
cell ,n.细胞
being ,n.生物；存在；身心
*lifespan ,n.寿命，有效期
affect ,vt.影响；侵袭，使感染；深深打动
contract ,n.合同，合约
virus ,n.病毒；(计算机程序中的)病毒
cancer ,n.癌症；邪恶，毒瘤
identify ,vt.找到，发现；确认，认出；显示，说明身份
relate ,vi.&vt.联系，使有联系；叙述，讲述
relate to ,涉及，与…相关
means ,n.(pl.means)方法，方式；财富，钱财
delete ,vt.删去，删除
restore ,vt.恢复；修复；使复原，使复位
ultimately ,adv.最终；根本上
abnormal ,adj.反常的，畸形的
weapon ,n.武器，手段；兵器
fundamental ,adj.十分重大的，根本的；基础的，基本的n.基本规律，根本法则，基础
pace ,n.发生的速度，节奏；步速；快节奏vi.&vt.来回踱步，走来走去；确定速度，调整节奏
arise ,"vi.(arose,arisen)发生，出现；(由…)引起，(因…)产生"
restrict ,vt.限制，限定；束缚，妨碍；约束，管束
prohibit ,vt.(尤指以法令)禁止；使不可能
prohibit sb from doing sth ,禁止某人做某事
resistance ,n.抵抗力；抵制，反对；抵抗，反抗
flu ,n.流行性感冒，流感
characteristic ,n.特征，特点adj.典型的，独特的
wrestle ,vi.&vt.奋力对付，努力处理；摔跤
wrestle with ,努力处理，全力解决
put sth in place ,准备就绪
debate ,vt.&vi.讨论，辩论；仔细考虑，思考n.讨论，争论；辩论
without doubt ,毫无疑问，的确
finding ,n.调查发现，调研结果
ripe ,adj.成熟的；时机成熟的
a ripe old age ,高龄
withdraw ,"vi.&vt.(withdrew,withdrawn)脱离(社会)，不与人交往；(使)撤回；(使)退出；停止提供"
equip ,vt.配备；使有能力
artificial ,adj.人工的，人造的；人为的；虚假的
*limb ,n.肢，臂，腿
rubber ,n.橡胶；橡皮
outgoing ,adj.外向的
grateful ,adj.感激的，表示感谢的
disabled ,adj.有残疾的，丧失能力的
disability ,n.缺陷，障碍
conventional ,adj.传统的，习惯的；依照惯例的，遵循习俗的
leather ,n.皮革
sensory ,adj.感觉的，感官的
patent ,adj.有专利的，受专利保护的
fuel ,vt.增加，刺激；给…提供燃料n.燃料
disturb ,vt.使不安；打扰；搅乱
tackle ,vt.应付，处理，解决
head-on ,adv.积极地，果断地；正面相撞地adj.迎头相撞的；正面反对的
go to great lengths to do,sth竭尽全力做某事，不遗余力做某事
adjust ,vt.&vi.调整，调节；适应，习惯；整理
centimetre ,(AmEcentimeter)n.厘米
*acupuncture ,n.针刺疗法
needle ,n.针；注射针；指针
evidence ,n.证据，证明；物证，人证vt.证明，表明
date back to ,追溯到，始于，自…至今
solid ,adj.实心的；固体的；结实的；纯色的
switch ,vi.&vt.转变；交换；调班n.开关，闸；转变，改变
*stainless ,adj.不生锈的
steel ,n.钢；钢铁工业
millimetre ,(AmEmillimeter)n.毫米
clinic ,n.私人诊所；门诊部；门诊时间
examine ,vt.检查，检验；审查，调查；考，测试；审问
*tongue ,n.舌头；语言
*pulse ,n.脉搏vi.搏动，跳动；洋溢着
wrist ,n.手腕，腕关节
organ ,n.器官；风琴；机构，机关
severe ,adj.十分严重的，极为恶劣的；严厉的；艰难的
anxiety ,n.焦虑；担心；渴望
abuse ,n.滥用；虐待；辱骂
alcohol ,n.酒精，酒
tobacco ,n.烟草
drug ,n.毒品；药物
phenomenon ,n.(pl.phenomena)现象
substance ,n.物质；要点
symbol ,n.象征；符号，代号
widespread ,adj.分布广的，普遍的，广泛的
*bandage ,n.绷带
infection ,n.传染，感染
department ,n.(医院的)科，部门，局，系
Unit 4,
castle ,n.城堡
(build) castles in the air,(建)空中楼阁，幻想，空想
input ,"n.输入的信息；投入vt.(input,input)输入(信息)"
capacity ,n.领悟(或理解、办事)能力；容量，容积；职位，职责；生产量
analyse ,(AmEanalyze)vt.分析
massive ,adj.巨大的，大而重的；非常严重的
network ,n.网络，网状系统；关系网，人际网；(互联)网络
coin ,vt.创造(新词语)
breakthrough ,n.重大进展，突破adj.突破性的
finance ,n.财政，金融；资金；财力，财务管理vt.提供资金
to name but a few ,略举几例
autonomous ,adj.自主的，有自主权的；自治的
domestic ,adj.家庭的，家用的；本国的，国内的
threaten ,vt.危及，对…构成威胁；威胁，恐吓
commit ,vt.犯(罪)；承诺，保证；花(钱或时间)vi.全心全意投入，忠于
crime ,n.罪，罪行；犯罪活动
murder ,vt.&n.谋杀，凶杀
urge ,vt.敦促，催促；大力推荐，竭力主张；驱赶，鞭策n.冲动，强烈的欲望
pose ,vt.造成，产生；提问，质询vi.摆好姿势n.姿势
apparently ,adv.显然，可见
warning ,n.警告，先兆；警戒
demand ,vt.需要；强烈要求n.要求，所需之物；需求，需要
victim ,n.受害者，牺牲品；受骗者；祭品
fall victim to ,受伤，受损，被害
greedy ,adj.贪心的，贪婪的
recognition ,n.识别，认出；承认，认可；赞誉，赏识
database ,n.数据库
alternative ,n.可供选择的事物adj.可供替代的；非传统的
*hacker ,n.黑客
theft ,n.偷窃，偷窃罪
break into ,强行闯入，撬开；突然开始(笑、唱等)；顺利打入
fail-safe ,adj.有自动保险装置的，具有自动防止故障性能的
*drone ,n.无人驾驶飞机
distribution ,n.分发，分送；分配，分布
predict ,vt.预言，预告
decrease ,n.减少，降低
deny ,vt.否认，否定；拒绝承认，拒绝接受
quantity ,n.数量；大量
in large quantities ,大量，大批
airline ,n.航空公司
threat ,n.构成威胁的人(或事物)；威胁，恐吓；凶兆
spy ,vi.从事间谍活动vt.突然看见n.间谍
spy on ,暗中监视，窥探
illegal ,adj.不合法的，非法的
monitor ,vt.监视，跟踪调查；监听n.显示屏；监测器；班长
licence ,(AmElicense)n.许可证，执照
stadium ,n.体育场，运动场
highlight ,n.最好(或最精彩)的部分vt.突出，强调；使醒目
capsule ,n.小塑料容器；(装药的)胶囊；太空舱
bury ,vt.埋藏；埋葬，安葬；覆盖；遮盖；使陷入
fountain ,n.喷射，涌流；喷水池；源泉，丰富来源
fountain pen ,自来水笔
contemporary ,adj.当代的，现代的；属同时期的，同一时代的n.同代人，同辈人
seed ,n.种子；起源，起因
wheat ,n.小麦，小麦粒
muscular ,adj.肌肉的；强壮的
conclude ,vt.&vi.断定，推断出；达成，订立；(使)结束，终止
justified ,adj.合乎情理的，事出有因的；有正当理由的
superiority ,n.优越感；优越性，优势
virtual ,adj.虚拟的，模拟的；很接近的，事实上的
at the forefront of,处于最前列，进入重要地位
definition ,n.定义；释义，解释
headset ,n.耳机
sensor ,n.传感器，敏感元件
practical ,adj.实际的，真实的；切实可行的；有用的；实事求是的
a host of ,许多，大量
academic ,adj.教学的，学术的；学习良好的；纯理论的
*immersive ,adj.(计算机系统或图像)沉浸式虚拟现实的
engage ,vt.&vi.吸引住(注意力、兴趣)；雇用，聘用；与…建立密切关系
twin ,n.双胞胎之一；一对相像的事物之一adj.双胞胎之一的；成对的，成双的
clone ,n.好像一模一样的人，复制品；克隆动物(或植物)vt.克隆，以无性繁殖技术复制
barrier ,n.障碍，阻力；屏障，障碍物；分界线，隔阂
boil down to ,归结为，基本问题是
fine-tune ,vt.对…微调
initial ,adj.最初的，开始的n.首字母
optimistic ,adj.乐观的，抱乐观看法的
annoy ,vt.使恼怒，使生气；打扰，骚扰
weed ,n.杂草，野草
like weeds ,大量
state-of-the-art ,adj.使用最先进技术(或方法)的，最先进的
globe ,n.球体，球状物；地球仪；地球，世界
satellite ,n.人造卫星；卫星
expense ,n.费用；开销；开支
at the expense of ,在牺牲(或损害)…的情况下
gender ,n.性别
envy ,n.&vt.羡慕，忌妒
pub ,n.酒吧，酒馆
选修三,
Unit 1,
*blooming ,adj.盛开的，开花的
unfold ,vi.&vt.开花；展开，打开；展示，展现
*ethnically ,adv.种族地
distinct ,adj.截然不同的，有区别的，不同种类的；清楚的，清晰的
territory ,n.(加拿大)地区；领土，领地；领域
valley ,n.山谷，溪谷
carve ,vt.侵蚀，冲刷；雕，刻
*glacier ,n.冰川
mighty ,adj.巨大的，非凡的；强而有力的
splendid ,adj.壮丽的，雄伟的；极佳的，非常好的
apart from ,除了…外(还)，此外；除了…外(都)，要不是
urban ,adj.城市的，城镇的
ancestor ,n.祖宗，祖先；原种
*indigenous ,adj.本地的，土生土长的
strait ,n.海峡，水道
minority ,n.少数民族，少数群体；少数，少数人
cuisine ,n.烹饪，风味；饭菜，菜肴
dynamic ,adj.(事物)有活力的；动态的，发展变化的；充满活力的
sample ,vt.尝，品尝，体验；抽样检验n.样本，样品；取样
off the beaten track ,不落俗套，打破常规；远离闹市，偏远
*fiddle ,n.小提琴
*Celtic ,adj.凯尔特人的，凯尔特语的
come as no surprise ,不足为奇，毫不奇怪
depth ,n.最深处；深(度)；深刻；深厚
suburb ,n.郊区，城外
botanical ,adj.植物学的
*Clovis ,adj.克洛维斯的
blanket ,n.厚层；毛毯
*hockey ,n.冰球运动，冰上曲棍球；曲棍球
niece ,n.侄女，外甥女
welfare ,n.幸福，福祉；福利
accommodation ,n.住处
surrounding ,adj.周围的，附近的
harmony ,n.融洽，和睦；和谐
sustain ,vt.使保持，使稳定持续；维持
manner ,n.方式，方法；举止；(manners)礼貌
consumption ,n.消耗，消耗量；消费
church ,n.教堂；礼拜
come down to ,可归结为，可归纳为
*code ,n.行为规范，道德准则；法规，法典；密码
dress code ,着装规定
item ,n.一件商品(或物品)；项目
elegant ,adj.漂亮雅致的，精美的；优美的，文雅的
make one’s way to,去，前往
statue ,n.雕像，雕塑
*souvenir ,n.纪念物，纪念品
antique ,n.文物，古董adj.古老的，古董的
vase ,n.花瓶，装饰瓶
furniture ,n.家具
*dune ,n.沙丘
goat ,n.山羊
*fragile ,adj.脆弱的；易碎的
resolution ,n.决心，决定；决议；解决
grain ,n.细粒，颗粒；谷物
beat ,down(阳光)强烈照射，曝晒
contrast ,n.差异，差别；对照物
ray ,n.光线，射线
camel ,n.骆驼
chew ,vi.&vt.咀嚼，嚼碎；咬住
parking ,n.停车；停车位
*hut ,n.(简陋的)小屋，棚屋
brick ,n.砖块；积木
*dot ,vt.遍布；使布满，点缀；加点n.点
*flap ,vi.&vt.拍打，摆动；振(翅)
ham ,n.火腿，火腿肉
sausage ,n.香肠，腊肠
bunch ,n.串，束；大量
fetch ,vt.(去)拿来，(去)请来
possession ,n.私人物品，个人财产；具有，拥有
intently ,adv.热切地，专注地
hike ,n.远足，徒步旅行vi.&vt.去…远足，做徒步旅行
awesome ,adj.令人惊叹的，使人惊惧的；很好的
liquid ,adj.液体的，液态的n.液体
*Arctic ,adj.北极的n.(theArctic)北极，北极地区
fox ,n.狐狸；狡猾的人
polar ,adj.极地的；完全相反的
delicacy ,n.佳肴；谨慎；敏感
lamb ,n.羊羔肉；羔羊
Unit 2,
astronaut ,n.宇航员，航天员
starve ,vi.&vt(.使)饿死，(使)挨饿
gravity ,n.重力；严重性；严肃
barbecue ,n.烤架；户外烧烤
departure ,n.离开，起程
mud ,n.泥，淤泥
border ,n.国界，边界vi.&vt.(与…)接壤
absence ,n.缺乏，不存在；缺席
*float ,vi.飘动，漂流；浮vt.使浮动，使漂流
cupboard ,n.壁橱；橱柜，衣柜
ceiling ,n.天花板；上限
bother ,vt.使烦恼，使担心；花费时间精力(做某事)；打扰vi.花费时间精力(做某事)n.麻烦，困难
occupy ,vt.占用，使用；居住；占领，侵占；使忙于
mission ,n.任务；使命，天职；军事行动；太空飞行任务
evaluate ,vt.评估，估计，评价
creature ,n.动物，生物；人
mosquito ,n.(pl.mosquitoesormosquitos)蚊子
microscope ,n.显微镜
cast new light on ,使进一步了解…
maintenance ,n.维护，保养；维持，保持
circumstance ,n.条件，状况；(circumstances)境况，(尤指)经济状况
in the circumstances ,在这种情况下，既然如此
exposure ,n.面临，遭受；揭露；报道
radiation ,n.辐射，放射线
visible ,adj.看得见的；明显的
in view of ,鉴于，考虑到
luxury ,n.不常有的乐趣(或享受)；奢侈品
tube ,n.管，管子；软管
furthermore ,adv.此外，再者
pill ,n.药丸，药片
vital ,adj.必不可少的，对…极重要的；维持生命所必需的
discipline ,vt.严格要求(自己)；惩罚；训练n.训练，纪律；行为准则；自制力
leisure ,n.闲暇，空闲
crew ,n.全体工作人员；全体乘务人员，全体船员；专业团队
permanent ,adj.永久的，永恒的
altogether ,adv.完全；总共；总之
kit ,n.成套设备，成套工具；配套元件
telescope ,n.望远镜
universe ,n.(theuniverse)宇宙，天地万物
crucial ,adj.至关重要的，关键性的
orbit ,vt.&vi.围绕…运动，沿轨道运行n.(天体等运行的)轨道
astronomer ,n.天文学家
merely ,adv.仅仅，只不过
administration ,n.行政部门；管理，行政
agency ,n.机构；代理处
comprise ,vt.包括，包含；组成，构成
*scan ,vt.&vi.扫描；细看；浏览n.扫描检查；快速查阅
plain to see ,显而易见的
foundation ,n.基础，根据；地基；创办；基金会
lay the foundation for ,为…打下基础
purse ,n.资金，财源；钱包
tale ,n.故事；讲述，叙述
origin ,n.起源，起因；出身
*shuttle ,n.航天飞机；来往于两地之间的航班(或班车、火车)vi.频繁往来(于两地之间)
frequency ,n.发生率，出现率；频繁；频率
hydrogen ,n.氢，氢气
rocket ,n.火箭；火箭武器
motive ,n.原因，动机，目的
investment ,n.投资；投入
calculate ,vt.计算，核算；预测
coverage ,n.新闻报道；覆盖范围；信息范围
mechanic ,n.机械师，技工
assistant ,n.助理；售货员；助教adj.助理的，副的
incredibly ,adv.极其，极端地；令人难以置信
dust ,n.沙土，尘土；灰尘，尘埃
shelter ,n.居所，住处；庇护vt.保护，掩蔽vi.躲避
constant ,adj.固定的，不变的；连续发生的，重复的
nuclear ,adj.核能的，原子能的；核武器的
Unit 3,
breadth ,n.宽度；广泛
convince ,vt.使确信，使相信；说服，劝说
*voyage ,n.航海，航行，航天vi.航行，远行
*fleet ,n.舰队；捕鱼船队；车队
*navigate ,vt.航行；导航vi.导航
on behalf ,of代表(或代替)；为帮助；为了
load ,vt.&vi.装上，装入n.负载；承载量；大量
*compass ,n.罗盘，指南针；圆规
log ,n.航海日志，正式记录；原木vi.&vt.伐木
strengthen ,vt.&vi.加强，增强
harmonious ,adj.友好和睦的；协调的，和谐的
dismiss ,vt.不予考虑，对…不屑一提；去除，摒除；解雇；解散
proof ,n.证据，证明
acknowledge ,vt.承认(权威、地位)；承认(属实)；(公开)感谢
influential ,adj.有很大影响力的，有支配力的
insist ,vi.&vt.坚决要求，坚持；坚持说
route ,n.路线，路途；途径，渠道
financial ,adj.财政的，金融的，财务的
depart ,vi.&vt.离开，起程
shortage ,n.不足，短缺
leak ,vi.漏，渗漏；渗入vt.漏，渗漏；泄露n.漏洞
panic ,"n.惊恐，恐慌vi.&vt.(panicked,panicked)(使)惊慌，(使)惊慌失措"
regardless ,adv.不顾，不加理会
regardless of ,不管，不顾
shore ,n.岸，滨
subsequent ,adj.随后的，后来的
captain ,n.船长，机长；上校；队长
allow for ,使成为可能；考虑到，把…计算在内
kingdom ,n.王国；管辖范围
astonish ,vt.使十分惊讶，使吃惊
royal ,adj.盛大的，庄严的；皇家的，王室的
*tomb ,n.坟墓
literary ,adj.文学的，文学上的；爱好文学的
extensively ,adv.广阔地；广泛地
facilitate ,vt.使便利，促进
sort out ,理顺，整理；把…安排好
available ,adj.可获得的，可找到的；有空的
prison ,n.监狱
minister ,n.大臣，部长
exceptional ,adj.杰出的，优秀的；异常的，罕见的
phrase ,n.成语，习语；短语，词组
format ,n.总体安排，设计；版式
shelf ,n.(pl.shelves)(书架等的)架子，搁板
adopt ,vt.采用，采取；表决采纳；领养，收养vi.领养，收养
comparison ,n.对比；比较
pack ,vt.&vi.塞进，挤进；装(箱)，收拾；打包；包装n.包，包裹；小盒，小包
contrary ,adj.相反的，相对立的；截然不同的
contrary to ,与…相反
*hell ,n.地狱；苦难的经历，悲惨的境况
aboard ,prep.&adv.在(车、船、飞机等)上，上(车、船、飞机等)
*rub ,vt.&vi.擦，磨，搓；(使)相互摩擦
washroom ,n.洗手间，厕所
uniform ,n.制服；队服adj.一致的，统一的
violently ,adv.猛烈地，厉害地；强烈地，激烈地；凶狠地
eagle ,n.雕
dive ,vi.俯冲；跳水；潜水n.冲，扑，俯冲；潜水；跳水
thunder ,vi.轰隆隆地响；打雷n.雷，雷声
freeze ,"vi.&vt.(froze,frozen)突然停止，呆住；结冰；冻僵"
*deck ,n.甲板，舱面
meanwhile ,adv.同时；其间；对比之下
drag ,vt.拖，拉；缓慢而费力地移动
chaos ,n.混乱，杂乱
navy ,n.海军，海军部队
bleed ,"vi.(bled,bled)失血，流血"
hatch ,vt.密谋，策划；使孵出vi.孵化；孵出
plot ,n.阴谋；故事情节vi.&vt.密谋
*infamy ,n.臭名昭著，声名狼藉；恶行，罪恶
sink ,"vi.&vt.(sank,sunk)下沉，沉没；坐下；降低"
memorial ,n.纪念碑(或像等)；纪念物
pray ,vi.&vt.企盼，祈求；祈祷，祷告
episode ,n.一段经历，片段；一集
*textile ,n.纺织品；(textiles)纺织业
reform ,vt.改进，改良，改革n.改革，改良
output ,n.产量，输出量
cloth ,n.织物，布料
shift ,n.改变，转移；轮班vi.&vt.(使)移动，(使)转移；改变
cottage ,n.小屋，村舍
cottage industry ,家庭手工业
Unit 4,
*heritage ,n.遗产
awe ,vt.使惊叹，使敬畏n.敬畏，惊叹
civilization ,(alsocivilisation)n.文明；社会文明；文明社会，文明世界
preserve ,vt.维护，保护，保存；维持
urgent ,adj.紧急的，紧迫的；催促的，急切的
wear ,down(使)磨损，(使)逐渐磨平
*pyramid ,n.金字塔
ruin ,vt.破坏，毁坏；使破产，毁灭n.毁坏，毁灭；破产；残垣断壁
incredible ,adj.极好的，极大的；不能相信的，难以置信的
clay ,n.黏土，陶土
sculpture ,n.雕像，雕塑品；雕刻术
missile ,n.导弹
violence ,n.暴力，暴行；狂热，激情
conflict ,vi.冲突，抵触
civil ,adj.国民的；国家的；民事的
*status ,n.身份，地位；状况，情形
wear and ,tear(正常使用造成的)磨损，损耗
internal ,adj.内部的；国内的
outcome ,n.结果，效果
*reef ,n.礁，礁脉
*coral ,n.珊瑚adj.珊瑚色的
ecology ,n.生态，生态学
agenda ,n.计划，方案；议程表，议事日程
*pagoda ,n.佛塔
nail ,n.钉子；指甲vt.固定
panel ,n.专家咨询组，讨论小组；嵌板；仪表盘
specialist ,n.专家；专科医生adj.专业的
assess ,vt.评估，评定；估算
collapse ,vi.倒塌，坍塌；昏倒n.昏倒；倒塌
consultation ,n.咨询，商讨；就诊
suspend ,vt.暂停；悬，挂
division ,n.分歧；分开，分隔
*dam ,n.水坝
architect ,n.建筑师；设计师
operator ,n.操作人员，技工；接线员
incident ,n.事件；冲突
cooperation ,n.合作，协作；协助，配合
forecast ,"vt.(forecast,forecast;forecasted,forecasted)预测，预报n.预测，预报"
interrupt ,vt.打扰，插嘴；使暂停，使中断vi.打扰，插嘴
conservation ,n.保护；保持
motion ,n.提议，动议；运动；动作
vote ,vt.&vi.投票，表决n.选票；投票
canal ,n.运河
*migration ,n.迁徙，迁移，移居
*legacy ,n.遗产
splendour ,(AmEsplendor)n.壮丽，雄伟
reserve ,n.自然保护区；储备vt.预订；预留；保留
basin ,n.盆地；洗脸盆；盆；流域
intense ,adj.很大的，十分强烈的；有强烈感情的，热切的；激烈的
primitive ,adj.简陋的，落后的；原始的，远古的
humble ,vt.使感到谦卑，使感到自惭adj.谦虚的，谦卑的
*corridor ,n.走廊，地带；通道
pursue ,vt.追求，致力于，执行；追逐
submit ,vt.&vi.提交，呈递；屈服
emerge ,vi.出现；暴露；露头
assign ,vt.指定，指派；分配；确定
take shape ,成形，有了模样
string ,n.一批，一连串，一系列；线；弦
wool ,n.毛织物；羊毛
cotton ,n.棉织物；棉，棉花
cave ,n.山洞，洞穴
*Buddhist ,adj.佛教的n.佛教徒
expansion ,n.扩展，扩大，膨胀
initiative ,n.倡议，新方案；主动性
milestone ,n.重要阶段，里程碑
equator ,n.赤道
showcase ,n.展示的场合；玻璃柜台
elsewhere ,adv.在(或去)别处
entry ,n.进入；参与，加入；参赛
fee ,n.费；报酬
ban ,vt.明令禁止，取缔；禁止做某事n.禁令
选修四,
Unit 1,
barely ,adv.刚好；仅仅，勉强可能；几乎不；刚才
*cigar ,n.雪茄烟
appointment ,n.约定，约会；任命，委任；职务
tear down ,拆毁，拆除
*keen ,adj.灵敏的，敏锐的；渴望，热切，热衷于
jaw ,n.下巴；颌
*scar ,n.伤疤；(精神上的)创伤；污点
*eyebrow ,n.眉毛
*scarfpin ,n.围巾夹，领带别针
diamond ,n.钻石
make one’s fortune,发财
lose contact ,失去联系
reliable ,adj.可信赖的，可依靠的；真实可信的，可靠的
worthwhile ,adj.值得花时间(或花钱、努力等)，重要的，令人愉快的
collar ,n.衣领；颈圈；圈，箍
bless ,vt.(表示惊奇)；祝福
inch ,n.英寸；少量，短距离
arm in arm ,臂挽着臂
outline ,vt.概述，略述n.概述；轮廓线，略图
suspect ,n.嫌疑犯，可疑对象
arrest ,n.&vt.逮捕，拘捕
under arrest ,被逮捕
wire ,vt.给(某人)打电报；接通(电源)n.金属丝；电线；铁丝网
criminal ,n.罪犯adj.犯法的，犯罪的；刑事的；不道德的
anyhow ,adv.不过，总之；尽管；而且；随便地
innocent ,adj.无辜的，清白的，无罪的；天真无邪的，纯真的n.无辜者，单纯的人
legal ,adj.合法的；法律的
principle ,n.道德原则；法则；信条
decent ,adj.正派的，合乎礼节的；得体的，适当的
*burden ,n.(义务、责任等的)重担，负担
geophysicist ,n.地球物理学家
core ,adj.核心的；最重要的n.核心，最重要的部分
socialist ,adj.社会主义的n.社会主义者
resign ,vt.&vi.辞职，辞去
ward ,n.病房
substantial ,adj.大量的，价值巨大的；结实的，牢固的
mineral ,n.矿物，矿物质
superb ,adj.极佳的，卓越的，质量极高的
photographer ,n.摄影师，拍照者
guilty ,adj.感到内疚的，感到惭愧的；有罪的，有过失的
ashamed ,adj.惭愧，羞愧，尴尬
forgive ,"vt.&vi.(forgave,forgiven)原谅，宽恕；免除(债务)"
cheat ,vt.欺骗，蒙骗vi.作弊，舞弊
wrap ,vt.包，裹；用…缠绕n.披肩，围巾；包裹材料
parcel ,n.包裹，小包；一块地vt.裹好，打包
bow ,vi.鞠躬；低(头)
nephew ,n.侄子，外甥
disappointed ,adj.失望的，沮丧的
wrinkle ,n.皱纹；褶皱，皱痕vt.&vi.(使脸上)起皱纹，皱起
*pause ,vi.停顿，暂停n.停顿，停顿的时间
sew ,"vi.&vt.(sewed,sewn)缝，做针线活；缝上"
pretend ,vi.&vt.假装；装扮，扮作；自诩，自认为
*privilege ,n.荣幸；特殊利益vt.给予特权，特别优待
*embrace ,vt.&vi.欣然接受；包含；拥抱
phase ,n.阶段，时期
*anchor ,n.锚；给以安全感的人(或物)vi.&vt.抛锚；使固定
mercy ,n.仁慈，宽恕
at the mercy of ,sb/sth任…处置，对…无能为力
likewise ,adv.同样地；也，而且
deadline ,n.最后期限，截止日期
guidance ,n.指导；导航
fault ,n.过错，责任；弱点，缺点
virtue ,n.美德；正直的品性；优点
integrity ,n.诚实正直；完整，完好
organic ,adj.有机的，统一的；绿色的，不使用化肥的；生物的
starfish ,n.海星，星鱼
discouraged ,adj.灰心的
garbage ,n.垃圾；废话
saving ,n.节省物，节省；储蓄金
bonus ,n.意外收获；奖金，红利
weigh on ,sb/sth使焦虑不安，加重…的思想负担
*jade ,n.玉，碧玉
sow ,"vt.&vi.(sowed,sown)播种，种"
harvest ,n.收成，收获量；收获季节，收割vt.&vi.收割，捕猎
*rejoice ,vi.&vt.非常高兴，深感欣喜
quote ,n.引语vt.&vi.引用，引述；举例说明
Unit 2,
react ,vi.(对…)作出反应；有不良反应，过敏；起化学反应
gentle ,adj.温柔的；温和的；柔和的
*encode ,vt.把…编码；把…译成电码(或密码)
mail ,n.电子邮件；邮政；邮件
*decode ,vt.解(码)，破译(尤指密码)
feedback ,n.反馈的意见(或信息)
competent ,adj.足以胜任的，有能力的，称职的
obtain ,vt.获得，赢得
suit ,vt.满足需要；相配，合身n.套装，西装，西服
negotiate ,vi.&vt.谈判；商定，达成(协议)
enterprise ,n.公司，企业；规划，事业
straightforward ,adj.坦诚的；简单的
fold ,vt.折叠，对折；包，裹n.褶，褶层，折叠部分
friction ,n.争执；摩擦；摩擦力
clarify ,vt.使更清晰易懂，阐明
knowledgeable ,adj.博学的，有见识的
*empathy ,n.同感，共鸣，同情
put yourself in ,sb’sshoes处于某人的境地，设身处地
sympathy ,n.同情；赞同
account for sth ,是…的说明(或原因)；(数量上、比例上)占
*empathize ,vi.有同感，产生共鸣
approve ,vi.&vt.赞成；批准，通过(计划、要求等)
approve of ,赞成，赞同
tone ,n.语气，腔调；风格，特色
gain ,vt.&vi.获得；增进，增长；(从…中)受益n.好处，利益
*gesture ,n.手势，姿势；姿态，表示vi.&vt.做手势，用手势表示
precisely ,adv.准确地，恰好地；细心地；正是，确实
vocabulary ,n.词汇，词汇量
preference ,n.偏爱；偏爱的事物
jam ,n.果酱；拥挤，堵塞
somewhat ,adv.有点，有几分，稍微
*taboo ,n.禁忌，忌讳；禁止，避讳
embarrassed ,adj.窘迫的，尴尬的；拮据的
intention ,n.意图，计划
correspond ,vi.类似于；相一致，符合；通信
behave ,vi.&vt.表现得体，有礼貌；表现
tolerate ,vt.容许，允许；忍受，容忍；能经受
kindergarten ,n.学前班；幼儿园
recite ,vt.吟诵；列举
accent ,n.口音，腔调；重音；着重点，强调
handwriting ,n.手写，书写；笔迹，书法
fluent ,adj.(尤指外语)流利的，熟练的
cooperate ,vi.合作，协作；协助，配合
cite ,vt.提及，列举；引用，引述
broaden ,one’smind拓展视野，开阔眼界
tofu ,n.豆腐
bacon ,n.咸猪肉，熏猪肉
tank ,n.坦克；(贮放液体或气体的)罐
golf ,n.高尔夫球运动
integrate ,vt.&vi.(使)合并；(使)加入
*bilingual ,adj.会说两种语言的；用两种语言(写)的
*kung fu ,n.功夫
oppose ,vt.反对，抵制；与…对垒
intervention ,n.干涉行为，干预
pure ,adj.纯净的；完全的
*tribe ,n.部落
reject ,vt.拒绝接受，不予考虑；不录用；排斥，排异
pessimistic ,adj.悲观的，悲观主义的
*Germanic ,adj.日耳曼语的；德国的
linguist ,n.语言学家；通晓数国语言的人
tendency ,n.趋势，趋向；倾向，偏好
skateboard ,n.滑板
canteen ,n.食堂，餐厅
sincerely ,adv.真诚地，诚实地
slip ,vi.滑倒；滑落；溜；陷入n.差错；纸条；滑跤
fence ,n.栅栏，篱笆
contest ,vt.争取赢得；争辩，就…提出异议
Unit 3,
salary ,n.薪金，薪水
labour ,(AmElabor)n.劳工；劳动，(尤指)体力劳动；分娩期，分娩vi.努力做；干苦力活
labour ,force(全公司或全国的)劳动力
*gear ,vt.使适合于n.排挡，齿轮，传动装置
earn a living ,谋生
attain ,vt.获得；达到
*endeavour ,(AmEendeavor)vi.努力，尽力n.努力，尝试
passion ,n.酷爱；强烈情感
fond ,adj.喜爱
be fond of ,喜爱
anticipate ,vt.预料；预计
*status quo ,现状，原来的状况
superior ,adj.更好的，占优势的n.级别(或地位、职位)更高的人
prejudice ,n.偏见，成见
lawyer ,n.律师
servant ,n.雇员，职员；仆人
public servant ,公务员，公仆
consultant ,n.顾问；会诊医师
clerk ,n.职员，簿记员，文书
receptionist ,n.接待员
respective ,adj.分别的，各自的
zone ,n.地区；区域
comfort zone ,舒适区，放松区
operate ,vt.操作，使运行vi.运转，工作；经营，营业
hire ,vt.&vi.聘用，雇用；租用n.新雇员；租借
leadership ,n.领导应有的品质；领导地位
weigh up ,权衡，斟酌
receipt ,n.收到的款项，收入；收据
commercial ,adj.商业的，贸易的；盈利的；商业性的
weekly ,adj.每周的adv.每周地n.周报，周刊
monthly ,adj.每月的adv.每个月n.月刊
budget ,n.预算
put sth on the line ,让…处于危险之中
loan ,n.贷款，借款；借出vt.借出，贷与(尤指钱)
client ,n.客户，委托人
detective ,n.侦探，警探
detective work ,调查工作，研究工作
subjective ,adj.主观的
directory ,n.名录，电话号码簿，公司名录
plug ,vt.补足，供给；堵塞，封堵n.插头；插座
groundwork ,n.基础工作，准备工作
premier ,adj.最著名的，最成功的，第一的n.首相，总理
institute ,n.机构，机构建筑vt.建立，制定(体系、政策等)
*proportion ,n.正确的比例；部分，份额；比例；体积，面积
fabric ,n.织物，布料
fibre ,(AmEfiber)n.纤维制品；纤维素；纤维
qualification ,n.资格，资历；学历；合格，达到标准
swing ,"vi.&vt.(swung,swung)(使)改变；(使)摆动，摇摆n.改变；摆动；秋千"
swing into action ,立即行动起来，马上大干起来
label ,n.标签；(不恰当的)称谓vt.贴标签于；(尤指不公正地)把…称为
candidate ,n.候选人；应试者；被认定适合者
gain the upper hand ,处于有利地位，有优势
applicant ,n.申请人
prior ,adj.在前的；优先的，占先的
prior to ,在…之前
profile ,n.概述；形象；侧面轮廓vt.概述，写简介
criterion ,n.(pl.criteria)标准，准则
*concisely ,adv.简明地，简练地，简洁地
shave ,n.刮脸，剃须vi.&vt.剃(须发)，刮脸
refreshed ,adj.恢复了精力的，精神振作的
mode ,n.方式，风格，样式
delay ,n.延迟的时间；延期，耽搁vi.&vt.延迟，延期；使迟到，使拖延
duration ,n.持续时间，期间
for the duration ,直到…结束，在整个…期间
rude ,adj.粗鲁的，无礼的，粗野的
justify ,vt.对…作出解释，为…辩解；证明…正确
relevant ,adj.紧密相关的，切题的；有价值的，有意义的
infer ,vt.推断，推论，推理
*convey ,vt.表达，传递；传送，运送
firm ,adj.强有力的，坚决的；坚固的；坚定的；牢固的n.商行，公司
genuine ,adj.真诚的，可信赖的；真的，名副其实的
*yawn ,vi.打哈欠
seize ,vt.抓住，把握；捉住，夺；攻占；没收
corporate ,adj.公司的；全体的，共同的
put ,one’sbestfootforward全力以赴
rainbow ,n.虹，彩虹
madam ,n.女士，夫人
temporary ,adj.临时的，短暂的
bowling ,n.保龄球运动
tournament ,n.锦标赛
Unit 4,
*auditory ,adj.听的，听觉的
*verbal ,adj.口头的；言语的，文字的
blank ,adj.空白的n.空白处，空格
composition ,n.构图；构成，成分；作品；作曲艺术
educator ,n.教育家；教育工作者
Confucius ,n.孔子
bound ,adj.一定会，很可能会；有义务(做某事)
be bound to ,一定会，很可能会
keep pace with ,sb/sth与…步调一致，与…并驾齐驱
resolve ,vt.&vi.解决；表决；决心，决定n.决心，坚定的信念
refresh ,vt.使变新；使恢复精力；使想起
objective ,adj.客观的；客观存在的；宾格的n.目标，目的
criticize ,(alsocriticise)vt.&vi.批评，批判，挑剔，指责；评价
inquire ,vi.&vt.询问，打听
register ,vi.&vt.登记，注册n.语体风格，语域；登记表
subscribe ,vi.订阅；定期订购(或订阅等)
subscribe to ,订阅；定期订购(或订阅等)；同意，赞成
concrete ,adj.确实的，具体的；有形的，实在的n.混凝土
comprehension ,n.理解力，领悟能力；理解练习
cease ,vi.&vt.(使)停止，终止，结束
self-worth ,n.自我价值感
*inductive ,adj.归纳的，归纳法的
reasoning ,n.推理，理性的观点，论证
abstract ,vt.把…抽象出，提取
*swan ,n.天鹅
assumption ,n.假定，假设
domain ,n.领域，范围；领土；域
*vocational ,adj.职业的，业务知识的
occupation ,n.工作，职业；消遣；侵占，占领期；使用
qualify ,vt.使合格，使具备资格vi.取得资格(或学历)，合格
prospect ,n.成功的机会，前景；可能性
motor ,adj.机动车的，汽车的n.发动机，马达
institution ,n.机构；风俗习惯，制度
drill ,vt.&vi.培训，训练；钻(孔)n.练习，训练；钻，钻头
circuit ,n.电路，线路；环行；赛车道
competence ,n.能力，胜任
recreation ,n.娱乐，消遣
lamp ,n.灯
random ,adj.随机的；辨认不出的；不合常理的
statistic ,n.统计数字，统计资料
tablet ,n.平板电脑；药片
certificate ,n.文凭，结业证书；证明，证明书
breast ,n.胸部，胸脯
curtain ,n.幕，帷幕；窗帘；帘，幔；覆盖物
in a flash ,转瞬间，立即
tight ,adv.紧紧地，牢固地adj.牢固的；严格的；密集的；亲密的
mature ,adj.明白事理的，成熟的vi.成熟，长成；有判断力
compose oneself ,使自己镇定下来
dormitory ,n.学生宿舍，集体宿舍
circus ,n.热闹场面；马戏团
essay ,n.文章，短文
geometry ,n.几何(学)；几何形状
paragraph ,n.段，段落
laptop ,n.笔记本电脑，便携式电脑
dizzy ,adj.头晕目眩的；使人眩晕的
sneeze ,vi.打喷嚏n.喷嚏，喷嚏声
reference ,n.参考；提到；推荐信vt.查阅，参考
draft ,n.草稿，草案，草图vt.起草，草拟
polish ,vt.&vi.修改，润饰；擦光，磨光n.抛光，上光；完美，娴熟，精湛
drawer ,n.抽屉
presentation ,n.幻灯片演示；提交，授予；展示会；演出
cafeteria ,n.自助餐厅，自助食堂
bounce ,vt.(向某人)试探地透露(主意)vi.跳动n.弹跳；活力
bounce ideas off sb ,向某人试探地透露主意
professor ,n.教授；讲师，教员
beard ,n.胡须，络腮胡子
*intimidating ,adj.吓人的，令人胆怯的
carriage ,n.(火车的)客车厢；(旧时载客的)四轮马车
kettle ,n.壶，水壶
librarian ,n.图书管理员，图书馆馆长
forehead ,n.额，前额
extension ,n.(为非全日制学生开设的)进修部，进修课；扩大，延伸
,
